-AA-							
AAA	NTGA	Anaa Airport	Anaa, Tuamotus, French Polynesia	UTC-10:00			
AAB	YARY	Arrabury Airport	Arrabury, Queensland, Australia	UTC+10:00			
AAC	HEAR	El Arish International Airport	El Arish, Egypt	UTC+02:00			
AAD		Adado Airport	Adado (Cadaado), Galguduud, Somalia	UTC+03:00			
AAE	DABB	Rabah Bitat Airport (Les Salines Airport)	Annaba, Algeria	UTC+01:00			
AAF	KAAF	Apalachicola Regional Airport	Apalachicola, Florida, United States	UTC-05:00	Mar-Nov		
AAG	SSYA	Arapoti Airport	Arapoti, Parana, Brazil	UTC-03:00	Oct-Feb		
AAH	EDKA	Merzbrück Airport	Aachen, North Rhine-Westphalia, Germany	UTC+01:00	Mar-Oct		
AAI	SWRA	Arraias Airport	Arraias, Tocantins, Brazil	UTC-03:00			
AAJ	SMCA	Cayana Airstrip	Awaradam, Suriname	UTC-03:00			
AAK	NGUK	Aranuka Airport	Aranuka, Kiribati	UTC+12:00			
AAL	EKYT	Aalborg Airport	Aalborg, Denmark	UTC+01:00	Mar-Oct		
AAM	FAMD	Mala Mala Airport	Mala Mala, South Africa	UTC+02:00			
AAN	OMAL	Al Ain International Airport	Al Ain, United Arab Emirates	UTC+04:00			
AAO	SVAN	Anaco Airport	Anaco, Venezuela	UTC-04:00			
AAQ	URKA	Anapa Airport	Anapa, Krasnodar Krai, Russia	UTC+03:00			
AAR	EKAH	Aarhus Airport	Aarhus, Denmark	UTC+01:00	Mar-Oct		
AAS		Apalapsili Airport	Apalapsili, Indonesia	UTC+09:00			
AAT	ZWAT	Altay Airport	Altay, Xinjiang, China	UTC+06:00			
AAU	NSAU	Asau Airport	Asau, Savai'i Island, Samoa	UTC+13:00	Sep-Apr		
AAV	RPMA	Allah Valley Airport	Surallah, Philippines	UTC+08:00			
AAX	SBAX	Araxa Airport	Araxa, Minas Gerais, Brazil	UTC-03:00	Oct-Feb		
AAY	OYGD	Al Ghaydah Airport	Al Ghaydah, Yemen	UTC+03:00			
AAZ	MGQZ	Quetzaltenango Airport	Quetzaltenango, Guatemala	UTC-06:00			
-AB-							
ABA	UNAA	Abakan International Airport	Abakan, Republic of Khakassia, Russia	UTC+07:00			
ABB	DNAS	Asaba International Airport	Asaba, Nigeria	UTC+01:00			
ABC	LEAB	Albacete Airport	Albacete, Castilla-La Mancha, Spain	UTC+01:00	Mar-Oct		
ABD	OIAA	Abadan International Airport	Abadan, Iran	UTC+03:30	Mar-Sep		
ABE	KABE	Lehigh Valley International Airport	Allentown, Pennsylvania, United States	UTC-05:00	Mar-Nov		
ABF	NGAB	Abaiang Atoll Airport	Abaiang, Kiribati	UTC+12:00			
ABG	YABI	Abingdon Airport	Abingdon, Queensland, Australia	UTC+10:00			
ABH	YAPH	Alpha Airport	Alpha, Queensland, Australia	UTC+10:00			
ABI	KABI	Abilene Regional Airport	Abilene, Texas, United States	UTC-06:00	Mar-Nov		
ABJ	DIAP	Port Bouet Airport (Felix Houphouet Boigny Int'l)	Abidjan, Cote d'Ivoire	UTC+00:00			
ABK	HAKD	Kabri Dar Airport	Kebri Dahar, Ethiopia	UTC+03:00			
ABL	PAFM	Ambler Airport (FAA: AFM)	Ambler, Alaska, United States	UTC-09:00	Mar-Nov		
ABM	YNPE	Northern Peninsula Airport	Bamaga, Queensland, Australia	UTC+10:00			
ABN	SMBN	Albina Airstrip	Albina, Suriname	UTC-03:00			
ABO	DIAO	Aboisso Airport	Aboisso, Cote d'Ivoire	UTC+00:00			
ABP		Atkamba Airport	Atkamba, Papua New Guinea	UTC+10:00			
ABQ	KABQ	Albuquerque International Sunport	Albuquerque, New Mexico, United States	UTC-07:00	Mar-Nov		
ABR	KABR	Aberdeen Regional Airport	Aberdeen, South Dakota, United States	UTC-06:00	Mar-Nov		
ABS	HEBL	Abu Simbel Airport	Abu Simbel, Egypt	UTC+02:00			
ABT	OEBA	Al-Baha Domestic Airport	Al-Baha, Saudi Arabia	UTC+03:00			
ABU	WATA	Haliwen Airport	Atambua, Indonesia	UTC+08:00			
ABV	DNAA	Nnamdi Azikiwe International Airport	Abuja, Nigeria	UTC+01:00			
ABW		Abau Airport	Abau, Papua New Guinea	UTC+10:00			
ABX	YMAY	Albury Airport	Albury, New South Wales, Australia	UTC+10:00	Oct-Apr		
ABY	KABY	Southwest Georgia Regional Airport	Albany, Georgia, United States	UTC-05:00	Mar-Nov		
ABZ	EGPD	Aberdeen Airport	Aberdeen, Scotland, United Kingdom	UTC+00:00	Mar-Oct		
-AC-							
ACA	MMAA	General Juan N. alvarez International Airport	Acapulco, Guerrero, Mexico	UTC-06:00	Apr-Oct		
ACB	KACB	Antrim County Airport	Bellaire, Michigan, United States	UTC-05:00	Mar-Nov		
ACC	DGAA	Kotoka International Airport	Accra, Ghana	UTC+00:00			
ACD	SKAD	Alcides Fernandez Airport	Acandi, Colombia	UTC-05:00			
ACE	GCRR	Lanzarote Airport	Lanzarote, Canary Islands, Spain	UTC+00:00	Mar-Oct		
ACH	LSZR	St. Gallen–Altenrhein Airport	Altenrhein, Switzerland	UTC+01:00	Mar-Oct		
ACI	EGJA	Alderney Airport	Alderney, Channel Islands, United Kingdom	UTC+00:00	Mar-Oct		
ACJ	VCCA	Anuradhapura Airport	Anuradhapura, Sri Lanka	UTC+05:30			
ACK	KACK	Nantucket Memorial Airport	Nantucket, Massachusetts, United States	UTC-05:00	Mar-Nov		
ACL		Aguaclara Airport	Aguaclara, Colombia	UTC-05:00			
ACM		Arica Airport	Arica, Colombia	UTC-05:00			
ACN	MMCC	Ciudad Acuna International Airport	Ciudad Acuna, Coahuila, Mexico	UTC-06:00	Mar-Nov		
ACP	OITM	Sahand Airport	Maragheh, Iran	UTC+03:30	Mar-Sep		
ACR	SKAC	Araracuara Airport	Araracuara, Colombia	UTC-05:00			
ACS	UNKS	Achinsk Airport	Achinsk, Krasnoyarsk Krai, Russia	UTC+07:00			
ACT	KACT	Waco Regional Airport	Waco, Texas, United States	UTC-06:00	Mar-Nov		
ACU		Achutupo Airport	Achutupo, Panama	UTC-05:00			
ACV	KACV	Arcata-Eureka Airport	Eureka / Arcata, California, United States	UTC-08:00	Mar-Nov		
ACX	ZUYI	Xingyi Wanfenglin Airport	Xingyi, Guizhou, China	UTC+08:00			
ACY	KACY	Atlantic City International Airport	Atlantic City, New Jersey, United States	UTC-05:00	Mar-Nov		
ACZ	OIZB	Zabol Airport	Zabol, Iran	UTC+03:30	Mar-Sep		
-AD-							
ADA	LTAF	Adana Sakirpasa Airport	Adana, Turkey	UTC+03:00			
ADB	LTBJ	Adnan Menderes Airport	Izmir, Turkey	UTC+03:00			
ADC	AYAN	Andakombe Airport	Andakombe, Papua New Guinea	UTC+10:00			
ADD	HAAB	Bole International Airport	Addis Ababa, Ethiopia	UTC+03:00			
ADE	OYAA	Aden International Airport	Aden, Yemen	UTC+03:00			
ADF	LTCP	Adiyaman Airport	Adiyaman, Turkey	UTC+03:00			
ADG	KADG	Lenawee County Airport	Adrian, Michigan, United States	UTC-05:00	Mar-Nov		
ADH	UEEA	Aldan Airport	Aldan, Yakutia, Russia	UTC+09:00			
ADI	FYAR	Arandis Airport	Arandis, Namibia	UTC+01:00	Sep-Apr		
ADJ	OJAM	Amman Civil Airport (Marka International Airport)	Amman, Jordan	UTC+02:00	Mar-Oct		
ADK	PADK	Adak Airport	Adak Island, Alaska, United States	UTC-10:00	Mar-Nov		
ADL	YPAD	Adelaide Airport	Adelaide, South Australia, Australia	UTC+09:30	Oct-Apr		
ADM	KADM	Ardmore Municipal Airport	Ardmore, Oklahoma, United States	UTC-06:00	Mar-Nov		
ADN	SKAN	Andes Airport	Andes, Colombia	UTC-05:00			
ADO	YAMK	Andamooka Airport	Andamooka, South Australia, Australia	UTC+09:30	Oct-Apr		
ADP	VCCG	Ampara Airport	Ampara, Sri Lanka	UTC+05:30			
ADQ	PADQ	Kodiak Airport	Kodiak, Alaska, United States	UTC-09:00	Mar-Nov		
ADR	KPHH	Robert F. Swinnie Airport (FAA: PHH)	Andrews, South Carolina, United States	UTC-05:00	Mar-Nov		
ADS	KADS	Addison Airport	Dallas, Texas, United States	UTC-06:00	Mar-Nov		
ADT	KADH	Ada Municipal Airport (FAA: ADH)	Ada, Oklahoma, United States	UTC-06:00	Mar-Nov		
ADU	OITL	Ardabil Airport	Ardabil, Iran	UTC+03:30	Mar-Sep		
ADV		Ed Daein Airport	Ed Daein, Sudan	UTC+03:00			
ADW	KADW	Andrews Field (Andrews Air Force Base)	Camp Springs, Maryland, United States	UTC-05:00	Mar-Nov		
ADX	EGQL	RAF Leuchars	St Andrews, Scotland, United Kingdom	UTC+00:00	Mar-Oct		
ADY	FAAL	Alldays Airport	Alldays, South Africa	UTC+02:00			
ADZ	SKSP	Gustavo Rojas Pinilla International Airport	San Andres Island, Colombia	UTC-05:00			
-AE-							
AEA	NGTB	Abemama Atoll Airport	Abemama Atoll, Kiribati	UTC+12:00			
AEB	ZGBS	Baise Bama Airport	Baise, Guangxi, China	UTC+08:00			
AEE		Adareil Airport	Adareil, South Sudan	UTC+03:00			
AEG	WIME	Aek Godang Airport	Padang Sidempuan, Indonesia	UTC+07:00			
AEH	FTTC	Abeche Airport	Abeche, Chad	UTC+01:00			
AEK	AYAX	Aseki Airport	Aseki, Papua New Guinea	UTC+10:00			
AEL	KAEL	Albert Lea Municipal Airport	Albert Lea, Minnesota, United States	UTC-06:00	Mar-Nov		
AEM	UHTG	Amgu Airport	Amgu, Primorsky Krai, Russia	UTC+10:00			
AEO	GQNA	Aioun el Atrouss Airport	Aioun el Atrouss, Mauritania	UTC+00:00			
AEP	SABE	Jorge Newbery Airpark	Buenos Aires, Argentina	UTC-03:00			
AER	URSS	Sochi International Airport	Sochi, Krasnodar Krai, Russia	UTC+03:00			
AES	ENAL	alesund Airport, Vigra	alesund, Norway	UTC+01:00	Mar-Oct		
AET	PFAL	Allakaket Airport (FAA: 6A8)	Allakaket, Alaska, United States	UTC-09:00	Mar-Nov		
AEU	OIBA	Abu Musa Airport	Abu Musa Island, Iran	UTC+03:30	Mar-Sep		
AEX	KAEX	Alexandria International Airport	Alexandria, Louisiana, United States	UTC-06:00	Mar-Nov		
AEY	BIAR	Akureyri Airport	Akureyri, Iceland	UTC+00:00			
-AF-							
AFA	SAMR	San Rafael Airport	San Rafael, Mendoza, Argentina	UTC-03:00			
AFD	FAPA	Port Alfred Airport	Port Alfred, South Africa	UTC+02:00			
AFF	KAFF	United States Air Force Academy Airfield	Colorado Springs, Colorado, United States	UTC-07:00	Mar-Nov		
AFI	SKAM	Amalfi Airport	Amalfi, Colombia	UTC-05:00			
AFK		Kondavattavan Tank Seaplane Base	Ampara, Sri Lanka	UTC+05:30			
AFL	SBAT	Alta Floresta Airport	Alta Floresta, Mato Grosso, Brazil	UTC-04:00	Oct-Feb		
AFN	KAFN	Jaffrey Airport–Silver Ranch	Jaffrey, New Hampshire, United States	UTC-05:00	Mar-Nov		
AFO	KAFO	Afton Municipal Airport	Afton, Wyoming, United States	UTC-07:00	Mar-Nov		
AFR	AYAF	Afore Airport	Afore, Papua New Guinea	UTC+10:00			
AFS	UTSN	Zarafshan Airport	Zarafshan, Uzbekistan	UTC+05:00			
AFT	AGAF	Afutara Airport	Afutara, Malaita, Solomon Islands	UTC+11:00			
AFW	KAFW	Fort Worth Alliance Airport	Fort Worth, Texas, United States	UTC-06:00	Mar-Nov		
AFY	LTAH	Afyon Airport	Afyon, Turkey	UTC+03:00			
AFZ	OIMS	Sabzevar Airport	Sabzevar, Iran	UTC+03:30	Mar-Sep		
-AG-							
AGA	GMAD	Agadir–Al Massira Airport	Agadir, Morocco	UTC+00:00	Mar-Oct1		
AGB	EDMA	Augsburg Airport	Augsburg, Bavaria, Germany	UTC+01:00	Mar-Oct		
AGC	KAGC	Allegheny County Airport	Pittsburgh, Pennsylvania, United States	UTC-05:00	Mar-Nov		
AGD	WASG	Anggi Airport	Anggi, Indonesia	UTC+09:00			
AGE	EDWG	Wangerooge Airport	Wangerooge, Lower Saxony, Germany	UTC+01:00	Mar-Oct		
AGF	LFBA	Agen La Garenne Airport	Agen, Aquitaine, France	UTC+01:00	Mar-Oct		
AGG		Angoram Airport	Angoram, Papua New Guinea	UTC+10:00			
AGH	ESTA	Ängelholm–Helsingborg Airport (former ICAO: ESDB)	Ängelholm, Sweden	UTC+01:00	Mar-Oct		
AGI	SMWA	Wageningen Airstrip	Wageningen, Suriname	UTC-03:00			
AGJ	RORA	Aguni Airport	Aguni, Okinawa, Japan	UTC+09:00			
AGK		Kagua Airport	Kagua, Papua New Guinea	UTC+10:00			
AGL	AYWG	Wanigela Airport	Wanigela, Papua New Guinea	UTC+10:00			
AGN	PAGN	Angoon Seaplane Base	Angoon, Alaska, United States	UTC-09:00	Mar-Nov		
AGO	KAGO	Magnolia Municipal Airport	Magnolia, Arkansas, United States	UTC-06:00	Mar-Nov		
AGP	LEMG	Malaga Airport	Malaga, Andalusia, Spain	UTC+01:00	Mar-Oct		
AGQ	LGAG	Agrinion Airport	Agrinion, Greece	UTC+02:00	Mar-Oct		
AGR	VIAG	Agra Airport	Agra, Uttar Pradesh, India	UTC+05:30			
AGS	KAGS	Augusta Regional Airport at Bush Field	Augusta, Georgia, United States	UTC-05:00	Mar-Nov		
AGT	SGES	Guarani International Airport	Ciudad del Este, Paraguay	UTC-04:00	Oct-Mar		
AGU	MMAS	Lic. Jesus Teran Peredo International Airport	Aguascalientes, Aguascalientes, Mexico	UTC-06:00	Apr-Oct		
AGV	SVAC	Oswaldo Guevara Mujica Airport	Acarigua, Venezuela	UTC-04:00			
AGW		Agnew Airport	Agnew, Queensland, Australia	UTC+10:00			
AGX	VOAT	Agatti Aerodrome	Agatti Island, Lakshadweep, India	UTC+05:30			
AGZ	FAAG	Aggeneys Airport	Aggeneys, South Africa	UTC+02:00			
-AH-							
AHB	OEAB	Abha Regional Airport	Abha, Saudi Arabia	UTC+03:00			
AHC	KAHC	Amedee Army Airfield	Herlong, California, United States	UTC-08:00	Mar-Nov		
AHD		Ardmore Downtown Executive Airport (FAA: 1F0)	Ardmore, Oklahoma, United States	UTC-06:00	Mar-Nov		
AHE	NTHE	Ahe Airport	Ahe, Tuamotus, French Polynesia	UTC-10:00			
AHF		Arapahoe Municipal Airport (FAA: 37V)	Arapahoe, Nebraska, United States	UTC-06:00	Mar-Nov		
AHH	KAHH	Amery Municipal Airport	Amery, Wisconsin, United States	UTC-06:00	Mar-Nov		
AHI	WAPA	Amahai Airport	Amahai, Indonesia	UTC+09:00			
AHJ	ZUHY	Hongyuan Airport	Hongyuan, Sichuan, China	UTC+08:00			
AHL	SYAH	Aishalton Airport	Aishalton, Guyana	UTC-04:00			
AHM		Ashland Municipal Airport (FAA: S03)	Ashland, Oregon, United States	UTC-08:00	Mar-Nov		
AHN	KAHN	Athens Ben Epps Airport	Athens, Georgia, United States	UTC-05:00	Mar-Nov		
AHO	LIEA	Alghero-Fertilia Airport	Alghero, Sardinia, Italy	UTC+01:00	Mar-Oct		
AHS	MHAH	Ahuas Airport	Ahuas, Honduras	UTC-06:00			
AHU	GMTA	Cherif Al Idrissi Airport	Al Hoceima, Morocco	UTC+00:00	Mar-Oct1		
AHW		Saih Rawl Airport	Saih Rawl, Oman	UTC+04:00			
AHY		Ambatolahy Airport	Ambatolahy, Madagascar	UTC+03:00			
AHZ	LFHU	Alpe d'Huez Airport	Alpe d'Huez, Rhone-Alpes, France	UTC+01:00	Mar-Oct		
-AI-							
AIA	KAIA	Alliance Municipal Airport	Alliance, Nebraska, United States	UTC-07:00	Mar-Nov		
AIC		Ailinglaplap Airok Airport	Airok, Ailinglaplap Atoll, Marshall Islands	UTC+12:00			
AID	KAID	Anderson Municipal Airport (Darlington Field)	Anderson, Indiana, United States	UTC-05:00	Mar-Nov		
AIE	AYAO	Aiome Airport	Aiome, Papua New Guinea	UTC+10:00			
AIF	SNAX	Assis Airport (former ICAO: SBAS)	Assis, Sao Paulo, Brazil	UTC-03:00	Oct-Feb		
AIG	FEFY	Yalinga Airport	Yalinga, Central African Republic	UTC+01:00			
AIH	AYAK	Aiambak Airport	Aiambak, Papua New Guinea	UTC+10:00			
AII	HDAS	Ali-Sabieh Airport	Ali Sabieh, Djibouti	UTC+03:00			
AIK	KAIK	Aiken Municipal Airport	Aiken, South Carolina, United States	UTC-05:00	Mar-Nov		
AIL		Ailigandi Airport	Ailigandi, Panama	UTC-05:00			
AIM		Ailuk Airport	Ailuk Atoll, Marshall Islands	UTC+12:00			
AIN	PAWI	Wainwright Airport (FAA: AWI)	Fort Wainwright, Alaska, United States	UTC-09:00	Mar-Nov		
AIO	KAIO	Atlantic Municipal Airport	Atlantic, Iowa, United States	UTC-06:00	Mar-Nov		
AIR	SSOU	Aripuana Airport	Aripuana, Mato Grosso, Brazil	UTC-04:00	Oct-Feb		
AIS	NGTR	Arorae Island Airport	Arorae Island, Kiribati	UTC+12:00			
AIT	NCAI	Aitutaki Airport	Aitutaki, Cook Islands	UTC-10:00			
AIU	NCAT	Enua Airport	Atiu Island, Cook Islands	UTC-10:00			
AIV	KAIV	George Downer Airport	Aliceville, Alabama, United States	UTC-06:00	Mar-Nov		
AIW		Ai-Ais Airport	Ai-Ais, Namibia	UTC+01:00	Sep-Apr		
AIY	KAIY	Atlantic City Municipal Airport (Bader Field) (closed 2006)	Atlantic City, New Jersey, United States				
AIZ	KAIZ	Lee C. Fine Memorial Airport	Lake Ozark, Missouri, United States	UTC-06:00	Mar-Nov		
-AJ-							
AJA	LFKJ	Ajaccio Napoleon Bonaparte Airport	Ajaccio, Corsica, France	UTC+01:00	Mar-Oct		
AJF	OESK	Al-Jawf Domestic Airport	Sakakah, Al Jawf, Saudi Arabia	UTC+03:00			
AJI	LTCO	Agri Airport	Agri, Turkey	UTC+03:00			
AJJ	GQNJ	Akjoujt Airport	Akjoujt, Mauritania	UTC+00:00			
AJK	OIHR	Arak Airport	Arak, Iran	UTC+03:30	Mar-Sep		
AJL	VELP	Lengpui Airport	Aizawl, Mizoram, India	UTC+05:30			
AJN	FMCV	Ouani Airport	Anjouan, Comoros	UTC+03:00			
AJR	ESNX	Arvidsjaur Airport	Arvidsjaur, Sweden	UTC+01:00	Mar-Oct		
AJS		Punta Abreojos Airstrip	Punta Abreojos, Baja California Sur, Mexico	UTC-07:00	Apr-Oct		
AJU	SBAR	Santa Maria Airport	Aracaju, Sergipe, Brazil	UTC-03:00			
AJY	DRZA	Mano Dayak International Airport	Agadez, Niger	UTC+01:00			
-AK-							
AKA	ZLAK	Ankang Wulipu Airport	Ankang, Shaanxi, China	UTC+08:00			
AKB	PAAK	Atka Airport (FAA: AKA)	Atka, Alaska, United States	UTC-10:00	Mar-Nov		
AKC	KAKR	Akron Fulton International Airport (FAA: AKR)	Akron, Ohio, United States	UTC-05:00	Mar-Nov		
AKD	VAAK	Akola Airport	Akola, Maharashtra, India	UTC+05:30			
AKE	FOGA	Akieni Airport	Akieni, Gabon	UTC+01:00			
AKF	HLKF	Kufra Airport	Kufra, Libya	UTC+02:00			
AKG	AYGU	Anguganak Airport	Anguganak, Papua New Guinea	UTC+10:00			
AKH	OEPS	Prince Sultan Air Base	Al-Kharj, Saudi Arabia	UTC+03:00			
AKI	PFAK	Akiak Airport	Akiak, Alaska, United States	UTC-09:00	Mar-Nov		
AKJ	RJEC	Asahikawa Airport	Asahikawa, Hokkaido, Japan	UTC+09:00			
AKK	PAKH	Akhiok Airport	Akhiok, Alaska, United States	UTC-09:00	Mar-Nov		
AKL	NZAA	Auckland Airport	Auckland, New Zealand	UTC+12:00	Sep-Apr		
AKM		Zakouma Airport	Zakouma National Park, Chad	UTC+01:00			
AKN	PAKN	King Salmon Airport	King Salmon, Alaska, United States	UTC-09:00	Mar-Nov		
AKO	KAKO	Colorado Plains Regional Airport	Akron, Colorado, United States	UTC-07:00	Mar-Nov		
AKP	PAKP	Anaktuvuk Pass Airport	Anaktuvuk Pass, Alaska, United States	UTC-09:00	Mar-Nov		
AKQ	WIAG	Gunung Batin Airport	Astraksetra, Indonesia	UTC+07:00			
AKR	DNAK	Akure Airport	Akure, Nigeria	UTC+01:00			
AKS	AGGA	Auki Gwaunaru'u Airport	Auki, Malaita, Solomon Islands	UTC+11:00			
AKT	LCRA	RAF Akrotiri	Akrotiri, Cyprus	UTC+02:00	Mar-Oct		
AKU	ZWAK	Aksu Airport	Aksu, Xinjiang, China	UTC+06:00			
AKV	CYKO	Akulivik Airport	Akulivik, Quebec, Canada	UTC-05:00	Mar-Nov		
AKW	OIAG	Aghajari Airport	Aghajari, Iran	UTC+03:30	Mar-Sep		
AKX	UATT	Aktobe Airport	Aktobe, Kazakhstan	UTC+05:00			
AKY	VYSW	Sittwe Airport	Sittwe, Myanmar	UTC+06:30			
-AL-							
ALA	UAAA	Almaty International Airport	Almaty, Kazakhstan	UTC+06:00			
ALB	KALB	Albany International Airport	Albany, New York, United States	UTC-05:00	Mar-Nov		
ALC	LEAL	Alicante–Elche Airport	Alicante, Valencia, Spain	UTC+01:00	Mar-Oct		
ALD	SPAR	Alerta Airport	Alerta, Peru	UTC-05:00			
ALE		Alpine–Casparis Municipal Airport (FAA: E38)	Alpine, Texas, United States	UTC-06:00	Mar-Nov		
ALF	ENAT	Alta Airport	Alta, Norway	UTC+01:00	Mar-Oct		
ALG	DAAG	Houari Boumediene Airport	Algiers, Algeria	UTC+01:00			
ALH	YABA	Albany Airport	Albany, Western Australia, Australia	UTC+08:00			
ALI	KALI	Alice International Airport	Alice, Texas, United States	UTC-06:00	Mar-Nov		
ALJ	FAAB	Alexander Bay Airport	Alexander Bay, South Africa	UTC+02:00			
ALK		Asella Airport	Asella, Ethiopia	UTC+03:00			
ALL	LIMG	Albenga Airport	Albenga, Liguria, Italy	UTC+01:00	Mar-Oct		
ALM	KALM	Alamogordo–White Sands Regional Airport	Alamogordo, New Mexico, United States	UTC-07:00	Mar-Nov		
ALN	KALN	St. Louis Regional Airport	Alton, Illinois, United States	UTC-06:00	Mar-Nov		
ALO	KALO	Waterloo Regional Airport	Waterloo, Iowa, United States	UTC-06:00	Mar-Nov		
ALP	OSAP	Aleppo International Airport	Aleppo, Syria	UTC+02:00	Mar-Oct		
ALQ	SSLT	Alegrete Airport	Alegrete, Rio Grande do Sul, Brazil	UTC-03:00	Oct-Feb		
ALR	NZLX	Alexandra Aerodrome	Alexandra, New Zealand	UTC+12:00	Sep-Apr		
ALS	KALS	San Luis Valley Regional Airport	Alamosa, Colorado, United States	UTC-07:00	Mar-Nov		
ALT		Alenquer Airport	Alenquer, Para, Brazil	UTC-03:00			
ALU	HCMA	Alula Airport	Alula, Somalia	UTC+03:00			
ALW	KALW	Walla Walla Regional Airport	Walla Walla, Washington, United States	UTC-08:00	Mar-Nov		
ALX	KALX	Thomas C. Russell Field	Alexander City, Alabama, United States	UTC-06:00	Mar-Nov		
ALY	HEAX	El Nouzha Airport	Alexandria, Egypt	UTC+02:00			
ALZ		Alitak Seaplane Base	Lazy Bay, Alaska, United States	UTC-09:00	Mar-Nov		
-AM-							
AMA	KAMA	Rick Husband Amarillo International Airport	Amarillo, Texas, United States	UTC-06:00	Mar-Nov		
AMB	FMNE	Ambilobe Airport	Ambilobe, Madagascar	UTC+03:00			
AMC	FTTN	Am Timan Airport	Am Timan, Chad	UTC+01:00			
AMD	VAAH	Sardar Vallabhbhai Patel International Airport	Ahmedabad, Gujarat, India	UTC+05:30			
AME		Alto Molocue Airport	Alto Molocue, Mozambique	UTC+02:00			
AMF	AYAA	Ama Airport	Ama, Papua New Guinea	UTC+10:00			
AMG		Amboin Airport	Amboin, Papua New Guinea	UTC+10:00			
AMH	HAAM	Arba Minch Airport	Arba Minch, Ethiopia	UTC+03:00			
AMI	WADA	Selaparang Airport (closed 2011)	Mataram, Indonesia				
AMJ	SNAR	Almenara Airport	Almenara, Minas Gerais, Brazil	UTC-03:00	Oct-Feb		
AMK		Animas Air Park (FAA: 00C)	Durango, Colorado, United States	UTC-07:00	Mar-Nov		
AML		Puerto Armuelles Airport	Puerto Armuelles, Panama	UTC-05:00			
AMM	OJAI	Queen Alia International Airport	Amman, Jordan	UTC+02:00	Mar-Oct		
AMN	KAMN	Gratiot Community Airport	Alma, Michigan, United States	UTC-05:00	Mar-Nov		
AMO	FTTU	Mao Airport	Mao, Chad	UTC+01:00			
AMP	FMSY	Ampanihy Airport	Ampanihy, Madagascar	UTC+03:00			
AMQ	WAPP	Pattimura Airport	Ambon, Indonesia	UTC+09:00			
AMS	EHAM	Amsterdam Airport Schiphol	Amsterdam, Netherlands	UTC+01:00	Mar-Oct		
AMT	YAMT	Amata Airport	Amata, South Australia, Australia	UTC+09:30			
AMU	AYAM	Amanab Airport	Amanab, Papua New Guinea	UTC+10:00			
AMV	ULDD	Amderma Airport	Amderma, Nenets Autonomous Okrug, Russia	UTC+03:00			
AMW	KAMW	Ames Municipal Airport	Ames, Iowa, United States	UTC-06:00	Mar-Nov		
AMX		Ammaroo Airport	Ammaroo, Northern Territory, Australia	UTC+09:30			
AMY		Ambatomainty Airport	Ambatomainty, Madagascar	UTC+03:00			
AMZ	NZAR	Ardmore Airport	Ardmore, New Zealand	UTC+12:00	Sep-Apr		
-AN-							
ANB	KANB	Anniston Regional Airport	Anniston, Alabama, United States	UTC-06:00	Mar-Nov		
ANC	PANC	Ted Stevens Anchorage International Airport	Anchorage, Alaska, United States	UTC-09:00	Mar-Nov		
AND	KAND	Anderson Regional Airport	Anderson, South Carolina, United States	UTC-05:00	Mar-Nov		
ANE	LFJR	Angers – Loire Airport	Angers, Pays de la Loire, France	UTC+01:00	Mar-Oct		
ANF	SCFA	Cerro Moreno International Airport	Antofagasta, Chile	UTC-04:00	Aug-May		
ANG	LFBU	Angouleme – Cognac International Airport	Angouleme, Poitou-Charentes, France	UTC+01:00	Mar-Oct		
ANI	PANI	Aniak Airport	Aniak, Alaska, United States	UTC-09:00	Mar-Nov		
ANJ	FCBZ	Zanaga Airport	Zanaga, Republic of the Congo	UTC+01:00			
ANK	LTAD	Etimesgut Air Base	Ankara, Turkey	UTC+03:00			
ANL		Andulo Airport	Andulo, Angola	UTC+01:00			
ANM	FMNH	Antsirabato Airport	Antalaha, Madagascar	UTC+03:00			
ANN	PANT	Annette Island Airport	Annette Island, Alaska, United States	UTC-08:00			
ANO	FQAG	Angoche Airport	Angoche, Mozambique	UTC+02:00			
ANP	KANP	Lee Airport	Annapolis, Maryland, United States	UTC-05:00	Mar-Nov		
ANQ	KANQ	Tri-State Steuben County Airport	Angola, Indiana, United States	UTC-05:00	Mar-Nov		
ANR	EBAW	Antwerp International Airport	Antwerp, Belgium	UTC+01:00	Mar-Oct		
ANS	SPHY	Andahuaylas Airport	Andahuaylas, Peru	UTC-05:00			
ANU	TAPA	V. C. Bird International Airport	Antigua, Antigua and Barbuda	UTC-04:00			
ANV	PANV	Anvik Airport	Anvik, Alaska, United States	UTC-09:00	Mar-Nov		
ANW	KANW	Ainsworth Regional Airport	Ainsworth, Nebraska, United States	UTC-06:00	Mar-Nov		
ANX	ENAN	Andoya Airport, Andenes	Andenes, Norway	UTC+01:00	Mar-Oct		
ANY	KANY	Anthony Municipal Airport	Anthony, Kansas, United States	UTC-06:00	Mar-Nov		
ANZ		Angus Downs Airport	Angus Downs, Northern Territory, Australia	UTC+09:30			
-AO-							
AOA		Aroa Airport	Aroa, Papua New Guinea	UTC+10:00			
AOB		Annanberg Airport	Annanberg, Papua New Guinea	UTC+10:00			
AOC	EDAC	Leipzig–Altenburg Airport	Altenburg, Thuringia, Germany	UTC+01:00	Mar-Oct		
AOD		Abou-Deïa Airport	Abou-Deïa, Chad	UTC+01:00			
AOE	LTBY	Anadolu Airport	Eskisehir, Turkey	UTC+03:00			
AOG	ZYAS	Anshan Teng'ao Airport	Anshan, Liaoning, China	UTC+08:00			
AOH	KAOH	Lima Allen County Airport	Lima, Ohio, United States	UTC-05:00	Mar-Nov		
AOI	LIPY	Ancona Falconara Airport	Ancona, Marche, Italy	UTC+01:00	Mar-Oct		
AOJ	RJSA	Aomori Airport	Aomori, Honshu, Japan	UTC+09:00			
AOK	LGKP	Karpathos Island National Airport	Karpathos, Greece	UTC+02:00	Mar-Oct		
AOL	SARL	Paso de los Libres Airport	Paso de los Libres, Corrientes, Argentina	UTC-03:00			
AOM		Adam Airport	Adam, Oman	UTC+04:00			
AON		Arona Airport	Arona, Papua New Guinea	UTC+10:00			
AOO	KAOO	Altoona–Blair County Airport	Altoona, Pennsylvania, United States	UTC-05:00	Mar-Nov		
AOP		Alferez FAP Alfredo Vladimir Sara Bauer Airport	Andoas, Peru	UTC-05:00			
AOR	WMKA	Sultan Abdul Halim Airport	Alor Setar, Kedah, Malaysia	UTC+08:00			
AOS		Amook Bay Seaplane Base (FAA: AK81)	Amook Bay, Alaska, United States	UTC-09:00	Mar-Nov		
AOT	LIMW	Aosta Valley Airport	Aosta, Aosta Valley, Italy	UTC+01:00	Mar-Oct		
AOU	VLAP	Attapeu International Airport	Attapeu, Laos	UTC+07:00			
-AP-							
APA	KAPA	Centennial Airport	Denver, Colorado, United States	UTC-07:00	Mar-Nov		
APB	SLAP	Apolo Airport	Apolo, Bolivia	UTC-04:00			
APC	KAPC	Napa County Airport	Napa, California, United States	UTC-08:00	Mar-Nov		
APF	KAPF	Naples Municipal Airport	Naples, Florida, United States	UTC-05:00	Mar-Nov		
APG	KAPG	Phillips Army Airfield	Aberdeen Proving Ground, Maryland, United States	UTC-05:00	Mar-Nov		
APH	KAPH	A.P. Hill Army Airfield	Fort A.P. Hill, Virginia, United States	UTC-05:00	Mar-Nov		
API	SKAP	Captain Luis F. Gomez Nino Air Base	Apiay, Colombia	UTC-05:00			
APK	NTGD	Apataki Airport	Apataki, Tuamotus, French Polynesia	UTC-10:00			
APL	FQNP	Nampula Airport	Nampula, Mozambique	UTC+02:00			
APN	KAPN	Alpena County Regional Airport	Alpena, Michigan, United States	UTC-05:00	Mar-Nov		
APO	SKLC	Antonio Roldan Betancourt Airport	Apartado, Colombia	UTC-05:00			
APP		Asapa Airport	Asapa, Papua New Guinea	UTC+10:00			
APQ	SNAL	Arapiraca Airport	Arapiraca, Alagoas, Brazil	UTC-03:00			
APR	AYPE	April River Airport	April River, Papua New Guinea	UTC+10:00			
APS	SWNS	Anapolis Airport	Anapolis, Goias, Brazil	UTC-03:00	Oct-Feb		
APT	KAPT	Marion County Airport (Brown Field)	Jasper, Tennessee, United States	UTC-06:00	Mar-Nov		
APU	SSAP	Apucarana Airport	Apucarana, Parana, Brazil	UTC-03:00	Oct-Feb		
APV	KAPV	Apple Valley Airport	Apple Valley, California, United States	UTC-08:00	Mar-Nov		
APW	NSFA	Faleolo International Airport	Apia, Upolu Island, Samoa	UTC+13:00	Sep-Apr		
APX	SSOG	Arapongas Airport	Arapongas, Parana, Brazil	UTC-03:00	Oct-Feb		
APY	SNAI	Alto Parnaiba Airport	Alto Parnaiba, Maranhao, Brazil	UTC-03:00			
APZ	SAHZ	Zapala Airport	Zapala, Neuquen, Argentina	UTC-03:00			
-AQ-							
AQA	SBAQ	Araraquara Airport	Araraquara, Sao Paulo, Brazil	UTC-03:00	Oct-Feb		
AQB	MGQC	Quiche Airport	Quiche, Guatemala	UTC-06:00			
AQG	ZSAQ	Anqing Tianzhushan Airport	Anqing, Anhui, China	UTC+08:00			
AQI	OEPA	Al Qaisumah/Hafr Al Batin Airport	Qaisumah / Hafar Al-Batin, Saudi Arabia	UTC+03:00			
AQJ	OJAQ	King Hussein International Airport	Aqaba, Jordan	UTC+02:00	Mar-Oct		
AQM		Ariquemes Airport	Ariquemes, Rondonia, Brazil	UTC-04:00			
AQP	SPQU	Rodriguez Ballon International Airport	Arequipa, Peru	UTC-05:00			
AQS		Saqani Airport	Saqani, Fiji	UTC+12:00	Nov-Jan		
AQY		Girdwood Airport	Girdwood, Alaska, United States	UTC-09:00	Mar-Nov		
-AR-							
ARA	KARA	Acadiana Regional Airport	New Iberia, Louisiana, United States	UTC-06:00	Mar-Nov		
ARB	KARB	Ann Arbor Municipal Airport	Ann Arbor, Michigan, United States	UTC-05:00	Mar-Nov		
ARC	PARC	Arctic Village Airport	Arctic Village, Alaska, United States	UTC-09:00	Mar-Nov		
ARD	WATM	Alor Island Airport	Alor Island, Indonesia	UTC+08:00			
ARE	TJAB	Antonio (Nery) Juarbe Pol Airport (FAA: ABO)	Arecibo, Puerto Rico, United States	UTC-04:00			
ARF		Acaricuara Airport	Acaricuara, Colombia	UTC-05:00			
ARG	KARG	Walnut Ridge Regional Airport	Walnut Ridge, Arkansas, United States	UTC-06:00	Mar-Nov		
ARH	ULAA	Talagi Airport	Arkhangelsk, Arkhangelsk Oblast, Russia	UTC+03:00			
ARI	SCAR	Chacalluta International Airport	Arica, Chile	UTC-04:00	Aug-May		
ARJ	WAJA	Arso Airport	Arso, Indonesia	UTC+09:00			
ARK	HTAR	Arusha Airport	Arusha, Tanzania	UTC+03:00			
ARL	DFER	Arly Airport	Arly, Burkina Faso	UTC+00:00			
ARM	YARM	Armidale Airport	Armidale, New South Wales, Australia	UTC+10:00	Oct-Apr		
ARN	ESSA	Stockholm Arlanda Airport	Stockholm, Sweden	UTC+01:00	Mar-Oct		
ARO		Arboletes Airport	Arboletes, Colombia	UTC-05:00			
ARP		Aragip Airport	Aragip, Papua New Guinea	UTC+10:00			
ARQ	SKAT	El Troncal Airport	Arauquita, Colombia	UTC-05:00			
ARR	SAVR	Alto Rio Senguer Airport	Alto Rio Senguer, Chubut, Argentina	UTC-03:00			
ARS	SWEC	Aragarcas Airport	Aragarcas, Goias, Brazil	UTC-03:00	Oct-Feb		
ART	KART	Watertown International Airport	Watertown, New York, United States	UTC-05:00	Mar-Nov		
ARU	SBAU	Aracatuba Airport	Aracatuba, Sao Paulo, Brazil	UTC-03:00	Oct-Feb		
ARV	KARV	Lakeland Airport (Noble F. Lee Memorial Field)	Minocqua / Woodruff, Wisconsin, United States	UTC-06:00	Mar-Nov		
ARW	LRAR	Arad International Airport	Arad, Romania	UTC+02:00	Mar-Oct		
ARY	YARA	Ararat Airport	Ararat, Victoria, Australia	UTC+10:00	Oct-Apr		
ARZ	FNZE	N'zeto Airport	N'zeto, Angola	UTC+01:00			
-AS-							
ASA	HHSB	Assab International Airport	Assab, Eritrea	UTC+03:00			
ASB	UTAA	Ashgabat International Airport	Ashgabat, Turkmenistan	UTC+05:00			
ASC	SLAS	Ascencion de Guarayos Airport	Ascencion de Guarayos, Bolivia	UTC-04:00			
ASD	MYAF	Andros Town International Airport	Andros Town, Andros Island, Bahamas	UTC-05:00	Mar-Nov		
ASE	KASE	Aspen–Pitkin County Airport (Sardy Field)	Aspen, Colorado, United States	UTC-07:00	Mar-Nov		
ASF	URWA	Narimanovo Airport	Astrakhan, Astrakhan Oblast, Russia	UTC+04:00			
ASG	NZAS	Ashburton Aerodrome	Ashburton, New Zealand	UTC+12:00	Sep-Apr		
ASH	KASH	Nashua Airport (Boire Field)	Nashua, New Hampshire, United States	UTC-05:00	Mar-Nov		
ASI	FHAW	RAF Ascension Island (Wideawake Field)	Ascension Island, British Overseas Territory				
of Saint Helena, Ascension and Tristan da Cunha	UTC+00:00						
ASJ	RJKA	Amami Airport	Amami, Satsunan Islands, Japan	UTC+09:00			
ASK	DIYO	Yamoussoukro Airport	Yamoussoukro, Cote d'Ivoire	UTC+00:00			
ASL	KASL	Harrison County Airport	Marshall, Texas, United States	UTC-06:00	Mar-Nov		
ASM	HHAS	Asmara International Airport	Asmara, Eritrea	UTC+03:00			
ASN	KASN	Talladega Municipal Airport	Talladega, Alabama, United States	UTC-06:00	Mar-Nov		
ASO	HASO	Asosa Airport	Asosa, Ethiopia	UTC+03:00			
ASP	YBAS	Alice Springs Airport	Alice Springs, Northern Territory, Australia	UTC+09:30			
ASQ		Austin Airport (FAA: 9U3)	Austin, Nevada, United States	UTC-08:00	Mar-Nov		
ASR	LTAU	Erkilet International Airport	Kayseri, Turkey	UTC+03:00			
AST	KAST	Astoria Regional Airport	Astoria, Oregon, United States	UTC-08:00	Mar-Nov		
ASU	SGAS	Silvio Pettirossi International Airport	Asuncion, Paraguay	UTC-04:00	Oct-Mar		
ASV	HKAM	Amboseli Airport	Amboseli, Kenya	UTC+03:00			
ASW	HESN	Aswan International Airport	Aswan, Egypt	UTC+02:00			
ASX	KASX	John F. Kennedy Memorial Airport	Ashland, Wisconsin, United States	UTC-06:00	Mar-Nov		
ASY	KASY	Ashley Municipal Airport	Ashley, North Dakota, United States	UTC-06:00	Mar-Nov		
ASZ		Asirim Airport	Asirim, Papua New Guinea	UTC+10:00			
-AT-							
ATA	SPHZ	Comandante FAP German Arias Graziani Airport	Huaraz, Peru	UTC-05:00			
ATB	HSAT	Atbara Airport	Atbara, Sudan	UTC+03:00			
ATC	MYCA	Arthur's Town Airport	Arthur's Town, Cat Island, Bahamas	UTC-05:00	Mar-Nov		
ATD	AGAT	Uru Harbour Airport	Atoifi, Malaita, Solomon Islands	UTC+11:00			
ATE		Antlers Municipal Airport (FAA: 80F)	Antlers, Oklahoma, United States	UTC-06:00	Mar-Nov		
ATF	SEAM	Chachoan Airport	Ambato, Ecuador	UTC-05:00			
ATG		PAF Base Minhas	Attock, Pakistan	UTC+05:00			
ATH	LGAV	Athens International Airport (Eleftherios Venizelos Airport)	Athens, Greece	UTC+02:00	Mar-Oct		
ATI	SUAG	Artigas International Airport	Artigas, Uruguay	UTC-03:00			
ATJ	FMME	Antsirabe Airport	Antsirabe, Madagascar	UTC+03:00			
ATK	PATQ	Atqasuk Edward Burnell Sr. Memorial Airport	Atqasuk, Alaska, United States	UTC-09:00	Mar-Nov		
ATL	KATL	Hartsfield–Jackson Atlanta International Airport	Atlanta, Georgia, United States	UTC-05:00	Mar-Nov		
ATM	SBHT	Altamira Airport	Altamira, Para, Brazil	UTC-03:00			
ATN	AYNX	Namatanai Airport	Namatanai, Papua New Guinea	UTC+10:00			
ATO	KUNI	Ohio University Airport (Snyder Field) (FAA: UNI)	Athens / Albany, Ohio, United States	UTC-05:00	Mar-Nov		
ATP	AYAI	Aitape Airstrip	Aitape, Papua New Guinea	UTC+10:00			
ATQ	VIAR	Sri Guru Ram Dass Jee International Airport	Amritsar, Punjab, India	UTC+05:30			
ATR	GQPA	Atar International Airport	Atar, Mauritania	UTC+00:00			
ATS	KATS	Artesia Municipal Airport	Artesia, New Mexico, United States	UTC-07:00	Mar-Nov		
ATT		Atmautluak Airport (FAA: 4A2)	Atmautluak, Alaska, United States	UTC-09:00	Mar-Nov		
ATU	PAAT	Casco Cove Coast Guard Station	Attu Island, Alaska, United States	UTC-10:00	Mar-Nov		
ATV	FTTI	Ati Airport	Ati, Chad	UTC+01:00			
ATW	KATW	Appleton International Airport	Appleton, Wisconsin, United States	UTC-06:00	Mar-Nov		
ATX		Atbasar Airport	Atbasar, Kazakhstan	UTC+06:00			
ATY	KATY	Watertown Regional Airport	Watertown, South Dakota, United States	UTC-06:00	Mar-Nov		
ATZ	HEAT	Assiut Airport	Assiut, Egypt	UTC+02:00			
-AU-							
AUA	TNCA	Queen Beatrix International Airport	Aruba, Kingdom of the Netherlands	UTC-04:00			
AUC	SKUC	Santiago Perez Quiroz Airport	Arauca, Colombia	UTC-05:00			
AUD	YAGD	Augustus Downs Airport	Augustus Downs Station, Queensland, Australia	UTC+10:00			
AUE		Abu Rudeis Airport	Abou Redis, Egypt	UTC+02:00			
AUF	LFLA	Auxerre – Branches Aerodrome	Auxerre, Burgundy, France	UTC+01:00	Mar-Oct		
AUG	KAUG	Augusta State Airport	Augusta, Maine, United States	UTC-05:00	Mar-Nov		
AUH	OMAA	Abu Dhabi International Airport	Abu Dhabi, United Arab Emirates	UTC+04:00			
AUI	AYND	Aua Island Airport	Aua Island, Papua New Guinea	UTC+10:00			
AUJ	AYAT	Ambunti Airport	Ambunti, Papua New Guinea	UTC+10:00			
AUK		Alakanuk Airport	Alakanuk, Alaska, United States	UTC-09:00	Mar-Nov		
AUL		Aur Airport	Aur Atoll, Marshall Islands	UTC+12:00			
AUM	KAUM	Austin Municipal Airport	Austin, Minnesota, United States	UTC-06:00	Mar-Nov		
AUN	KAUN	Auburn Municipal Airport	Auburn, California, United States	UTC-08:00	Mar-Nov		
AUO	KAUO	Auburn University Regional Airport	Auburn, Alabama, United States	UTC-06:00	Mar-Nov		
AUP	AYAG	Agaun Airport	Agaun, Papua New Guinea	UTC+10:00			
AUQ	NTMN	Atuona Airport	Atuona, Marquesas Islands, French Polynesia	UTC-09:30			
AUR	LFLW	Aurillac – Tronquières Airport	Aurillac, Auvergne, France	UTC+01:00	Mar-Oct		
AUS	KAUS	Austin–Bergstrom International Airport	Austin, Texas, United States	UTC-06:00	Mar-Nov		
AUT	WPAT	Atauro Airport	Atauro Island, East Timor	UTC+09:00			
AUU	YAUR	Aurukun Airport	Aurukun, Queensland, Australia	UTC+10:00			
AUV	AYUM	Aumo Airport	Aumo, Papua New Guinea	UTC+10:00			
AUW	KAUW	Wausau Downtown Airport	Wausau, Wisconsin, United States	UTC-06:00	Mar-Nov		
AUX	SWGN	Araguaina Airport	Araguaina, Tocantins, Brazil	UTC-03:00			
AUY	NVVA	Anatom Airport	Anatom Island, Tafea, Vanuatu	UTC+11:00			
AUZ	KARR	Aurora Municipal Airport (FAA: ARR)	Aurora, Illinois, United States	UTC-06:00	Mar-Nov		
-AV-							
AVA	ZUAS	Anshun Huangguoshu Airport	Anshun, Guizhou, China	UTC+08:00			
AVB	LIPA	Aviano Air Base	Aviano, Pordenone, Italy	UTC+01:00	Mar-Oct		
AVG	YAUV	Auvergne Airport	Auvergne Station, Northern Territory, Australia	UTC+09:30			
AVI	MUCA	Maximo Gomez Airport	Ciego de avila, Cuba	UTC-05:00	Mar-Nov		
AVK	ZMAH	Arvaikheer Airport	Arvaikheer, Mongolia	UTC+08:00			
AVL	KAVL	Asheville Regional Airport	Asheville, North Carolina, United States	UTC-05:00	Mar-Nov		
AVN	LFMV	Avignon – Provence Airport	Avignon, Provence-Alpes-Cote d'Azur, France	UTC+01:00	Mar-Oct		
AVO	KAVO	Avon Park Executive Airport	Avon Park, Florida, United States	UTC-05:00	Mar-Nov		
AVP	KAVP	Wilkes-Barre/Scranton International Airport	Wilkes-Barre / Scranton, Pennsylvania, United States	UTC-05:00	Mar-Nov		
AVU	AGGJ	Avu Avu Airport	Avu Avu, Guadalcanal, Solomon Islands	UTC+11:00			
AVV	YMAV	Avalon Airport	Avalon, Victoria, Australia	UTC+10:00	Oct-Apr		
AVW	KAVQ	Marana Regional Airport (FAA: AVQ)	Tucson, Arizona, United States	UTC-07:00			
AVX	KAVX	Catalina Airport	Avalon, California, United States	UTC-08:00	Mar-Nov		
-AW-							
AWA	HALA	Awasa Airport	Awasa, Ethiopia	UTC+03:00			
AWB	AYAW	Awaba Airport	Awaba, Papua New Guinea	UTC+10:00			
AWD	NVVB	Aniwa Airport	Aniwa Island, Tafea, Vanuatu	UTC+11:00			
AWE		Alowe Airport	Alowe, Gabon	UTC+01:00			
AWK	PWAK	Wake Island Airfield	Wake Island, United States Minor Outlying Islands	UTC+12:00			
AWM	KAWM	West Memphis Municipal Airport	West Memphis, Arkansas, United States	UTC-06:00	Mar-Nov		
AWN		Alton Downs Airport	Alton Downs, South Australia, Australia	UTC+09:30	Oct-Apr		
AWP		Austral Downs Airport	Austral Downs, Northern Territory, Australia	UTC+09:30			
AWR		Awar Airport	Awar, Papua New Guinea	UTC+10:00			
AWZ	OIAW	Ahvaz International Airport	Ahvaz, Iran	UTC+03:30	Mar-Sep		
-AX-							
AXA	TQPF	Clayton J. Lloyd International Airport	The Valley, British Overseas Territory of Anguilla	UTC-04:00			
AXB		Maxson Airfield (FAA: 89N)	Alexandria Bay, New York, United States	UTC-05:00	Mar-Nov		
AXC	YAMC	Aramac Airport	Aramac, Queensland, Australia	UTC+10:00			
AXD	LGAL	Alexandroupoli Airport (Dimokritos Airport)	Alexandroupoli, Greece	UTC+02:00	Mar-Oct		
AXE		Xanxere Airport	Xanxere, Santa Catarina, Brazil	UTC-03:00	Oct-Feb		
AXF		Alxa Left Banner Bayanhot Airport	Alxa Left Banner, Inner Mongolia, China	UTC+08:00			
AXG	KAXA	Algona Municipal Airport (FAA: AXA)	Algona, Iowa, United States	UTC-06:00	Mar-Nov		
AXJ	RJDA	Amakusa Airfield	Amakusa, Amakusa Islands, Japan	UTC+09:00			
AXK	OYAT	Ataq Airport	Ataq, Yemen	UTC+03:00			
AXL		Alexandria Airport	Alexandria Station, Northern Territory, Australia	UTC+09:30			
AXM	SKAR	El Eden International Airport	Armenia, Colombia	UTC-05:00			
AXN	KAXN	Alexandria Municipal Airport (Chandler Field)	Alexandria, Minnesota, United States	UTC-06:00	Mar-Nov		
AXP	MYAP	Spring Point Airport	Spring Point, Acklins Island, Bahamas	UTC-05:00	Mar-Nov		
AXR	NTGU	Arutua Airport	Arutua, Tuamotus, French Polynesia	UTC-10:00			
AXS	KAXS	Altus/Quartz Mountain Regional Airport	Altus, Oklahoma, United States	UTC-06:00	Mar-Nov		
AXT	RJSK	Akita Airport	Akita, Honshu, Japan	UTC+09:00			
AXU	HAAX	Axum Airport	Axum, Ethiopia	UTC+03:00			
AXV	KAXV	Neil Armstrong Airport	Wapakoneta, Ohio, United States	UTC-05:00	Mar-Nov		
AXX	KAXX	Angel Fire Airport	Angel Fire, New Mexico, United States	UTC-07:00	Mar-Nov		
-AY-							
AYA		Ayapel Airport	Ayapel, Colombia	UTC-05:00			
AYC		Ayacucho Airport	Ayacucho, Colombia	UTC-05:00			
AYD		Alroy Downs Airport	Alroy Downs, Northern Territory, Australia	UTC+09:30			
AYG	SKYA	Yaguara Airport	Yaguara, Colombia	UTC-05:00			
AYI		Yari Airport	Yari, Colombia	UTC-05:00			
AYK	UAUR	Arkalyk Airport	Arkalyk, Kazakhstan	UTC+06:00			
AYL		Anthony Lagoon Airport	Anthony Lagoon, Northern Territory, Australia	UTC+09:30			
AYM		Yas Island Seaplane Base	Yas Island, Abu Dhabi, United Arab Emirates	UTC+04:00			
AYN	ZHAY	Anyang Airport	Anyang, Henan, China	UTC+08:00			
AYO	SGAY	Juan de Ayolas Airport	Ayolas, Paraguay	UTC-04:00	Oct-Mar		
AYP	SPHO	Coronel FAP Alfredo Mendivil Duarte Airport	Ayacucho, Peru	UTC-05:00			
AYQ	YAYE	Ayers Rock Airport	Yulara, Northern Territory, Australia	UTC+09:30			
AYR	YAYR	Ayr Airport	Ayr, Queensland, Australia	UTC+10:00			
AYS	KAYS	Waycross–Ware County Airport	Waycross, Georgia, United States	UTC-05:00	Mar-Nov		
AYT	LTAI	Antalya Airport	Antalya, Turkey	UTC+03:00			
AYU	AYAY	Aiyura Airport	Aiyura, Papua New Guinea	UTC+10:00			
AYW		Ayawasi Airport	Ayawasi, Indonesia	UTC+09:00			
AYY		Arugam Bay Seaplane Base	Pottuvil, Sri Lanka	UTC+05:30			
-AZ-							
AZA	KIWA	Phoenix–Mesa Gateway Airport (FAA: IWA)	Phoenix, Arizona, United States	UTC-07:00			
AZB		Amazon Bay Airport	Amazon Bay, Papua New Guinea	UTC+10:00			
AZD	OIYY	Shahid Sadooghi Airport	Yazd, Iran	UTC+03:30	Mar-Sep		
AZG		Pablo L. Sidar Airport	Apatzingan, Michoacan, Mexico	UTC-06:00	Apr-Oct		
AZI	OMAD	Al Bateen Executive Airport	Abu Dhabi, United Arab Emirates	UTC+04:00			
AZL	SWTU	Fazenda Tucunare Airport	Sapezal, Mato Grosso, Brazil	UTC-04:00	Oct-Feb		
AZN	UTKA	Andizhan Airport	Andizhan, Uzbekistan	UTC+05:00			
AZO	KAZO	Kalamazoo/Battle Creek International Airport	Kalamazoo, Michigan, United States	UTC-05:00	Mar-Nov		
AZP	MMJC	Jorge Jimenez Cantu National Airport	Ciudad Lopez Mateos, State of Mexico, Mexico	UTC-06:00	Apr-Oct		
AZR	DAUA	Touat-Cheikh Sidi Mohamed Belkebir Airport	Adrar, Algeria	UTC+01:00			
AZS	MDCY	Samana El Catey International Airport	El Catey, Dominican Republic	UTC-04:00			
AZT		Zapatoca Airport	Zapatoca, Colombia	UTC-05:00			
AZZ	FNAM	Ambriz Airport	Ambriz, Angola	UTC+01:00			
HAA	ENHK	Hasvik Airport	Hasvik, Norway	UTC+01:00	Mar-Oct		
HAB	KHAB	Marion County – Rankin Fite Airport	Hamilton, Alabama, United States	UTC-06:00	Mar-Nov		
HAC	RJTH	Hachijojima Airport	Hachijo-jima (Hachijojima), Izu Islands, Japan	UTC+09:00			
HAD	ESMT	Halmstad Airport (Halmstad City Airport)	Halmstad, Sweden	UTC+01:00	Mar-Oct		
HAF	KHAF	Half Moon Bay Airport	Half Moon Bay, California, United States	UTC-08:00	Mar-Nov		
HAH	FMCH	Prince Said Ibrahim International Airport	Moroni, Comoros	UTC+03:00			
HAI	KHAI	Three Rivers Municipal Airport (Dr. Haines Flying Field)	Three Rivers, Michigan, United States	UTC-05:00	Mar-Nov		
HAJ	EDDV	Hannover Airport	Hanover, Lower Saxony, Germany	UTC+01:00	Mar-Oct		
HAK	ZJHK	Haikou Meilan International Airport	Haikou, Hainan, China	UTC+08:00			
HAL	FYHI	Halali Airport	Halali, Namibia	UTC+01:00	Sep-Apr		
HAM	EDDH	Hamburg Airport	Hamburg, Germany	UTC+01:00	Mar-Oct		
HAN	VVNB	Noi Bai International Airport	Hanoi, Vietnam	UTC+07:00			
HAO	KHAO	Butler County Regional Airport	Hamilton, Ohio, United States	UTC-05:00	Mar-Nov		
HAQ	VRMH	Hanimaadhoo International Airport	Hanimaadhoo, Haa Dhaalu Atoll, Maldives	UTC+05:00			
HAR	KCXY	Capital City Airport (FAA: CXY)	Harrisburg, Pennsylvania, United States	UTC-05:00	Mar-Nov		
HAS	OEHL	Ha'il Regional Airport	Ha'il (Hail), Saudi Arabia	UTC+03:00			
HAT	YHTL	Heathlands Airport	Heathlands, Queensland, Australia	UTC+10:00			
HAU	ENHD	Haugesund Airport, Karmoy	Haugesund, Norway	UTC+01:00	Mar-Oct		
HAV	MUHA	Jose Marti International Airport	Havana, Cuba	UTC-05:00	Mar-Nov		
HAW	EGFE	Haverfordwest Aerodrome	Haverfordwest, Wales, United Kingdom	UTC±00:00	Mar-Oct		
HAZ		Hatzfeldthaven Airport	Hatzfeldthaven, Papua New Guinea	UTC+10:00			
-HB-							
HBA	YMHB	Hobart International Airport	Hobart, Tasmania, Australia	UTC+10:00	Oct-Apr		
HBB		Hobbs Industrial Airpark	Hobbs, New Mexico, United States	UTC-07:00	Mar-Nov		
HBD		Habi Airport	Habi, Papua New Guinea	UTC+10:00			
HBE	HEBA	Borg El Arab Airport	Alexandria / Borg El Arab, Egypt	UTC+02:00			
HBG	KHBG	Hattiesburg Bobby L. Chain Municipal Airport	Hattiesburg, Mississippi, United States	UTC-06:00	Mar-Nov		
HBH		Entrance Island Seaplane Base (Hobart Bay) (FAA: 2Z1)	Entrance Island, Alaska, United States	UTC-09:00	Mar-Nov		
HBK		Holbrook Municipal Airport (FAA: P14)	Holbrook, Arizona, United States	UTC-07:00			
HBR	KHBR	Hobart Regional Airport	Hobart, Oklahoma, United States	UTC-06:00	Mar-Nov		
HBT		Hambantota Sea Plane Base	Hambantota, Sri Lanka	UTC+05:30			
HBU	ZMBS	Bulgan Airport, Khovd	Bulgan (Khovd Province), Mongolia	UTC+07:00			
HBX	VAHB	Hubli Airport	Hubli / Dharwad, Karnataka, India	UTC+05:30			
-HC-							
HCA	KBPG	Big Spring McMahon–Wrinkle Airport (FAA: BPG)	Big Spring, Texas, United States	UTC-06:00	Mar-Nov		
HCC		Columbia County Airport (FAA: 1B1)	Hudson, New York, United States	UTC-05:00	Mar-Nov		
HCJ	ZGHC	Hechi Jinchengjiang Airport	Hechi, Guangxi, China	UTC+08:00			
HCM	HCME	Eyl Airport	Eyl, Somalia	UTC+03:00			
HCN	RCKW	Hengchun Airport	Hengchun, Taiwan	UTC+08:00			
HCQ	YHLC	Halls Creek Airport	Halls Creek, Western Australia, Australia	UTC+08:00			
HCR	PAHC	Holy Cross Airport (FAA: HCA)	Holy Cross, Alaska, United States	UTC-09:00	Mar-Nov		
HCW	KCQW	Cheraw Municipal Airport (Lynch Bellinger Field, FAA: CQW)	Cheraw, South Carolina, United States	UTC-05:00	Mar-Nov		
-HD-							
HDB	EDIU	Heidelberg Airport	Heidelberg, Baden-Württemberg, Germany	UTC+01:00	Mar-Oct		
HDD	OPKD	Hyderabad Airport	Hyderabad, Pakistan	UTC+05:00			
HDE	KHDE	Brewster Field	Holdrege, Nebraska, United States	UTC-06:00	Mar-Nov		
HDF	EDAH	Heringsdorf Airport	Heringsdorf, Mecklenburg-Vorpommern, Germany	UTC+01:00	Mar-Oct		
HDG	ZBHD	Handan Airport	Handan, Hebei, China	UTC+08:00			
HDH	PHDH	Dillingham Airfield	Mokuleia, Hawaii, United States	UTC-10:00			
HDM	OIHH	Hamadan Airport	Hamadan, Iran	UTC+03:30	Mar-Sep		
HDN	KHDN	Yampa Valley Airport	Hayden, Colorado, United States	UTC-07:00	Mar-Nov		
HDR	OIKP	Havadarya Airport	Bandar Abbas, Iran	UTC+03:30	Mar-Sep		
HDS	FAHS	Air Force Base Hoedspruit	Hoedspruit, South Africa	UTC+02:00			
HDY	VTSS	Hat Yai International Airport	Hat Yai, Thailand	UTC+07:00			
-HE-							
HEA	OAHR	Herat International Airport	Herat, Afghanistan	UTC+04:30			
HEB	VBHD	Hinthada Airport	Hinthada, Myanmar	UTC+06:30			
HED		Herendeen Bay Airport (FAA: AK33)	Herendeen Bay, Alaska, United States	UTC-09:00	Mar-Nov		
HEE	KHEE	Thompson–Robbins Airport	Helena-West Helena, Arkansas, United States	UTC-06:00	Mar-Nov		
HEH	VYHH	Heho Airport	Heho, Myanmar	UTC+06:30			
HEI	EDXB	Heide–Büsum Airport	Heide / Büsum, Schleswig-Holstein, Germany	UTC+01:00	Mar-Oct		
HEK	ZYHE	Heihe Airport	Heihe, Heilongjiang, China	UTC+08:00			
HEL	EFHK	Helsinki Airport (Helsinki-Vantaa Airport)	Helsinki, Finland	UTC+02:00	Mar-Oct		
HEM	EFHF	Helsinki-Malmi Airport	Helsinki, Finland	UTC+02:00	Mar-Oct		
HEO		Haelogo Airport	Haelogo, Papua New Guinea	UTC+10:00			
HER	LGIR	Heraklion International Airport (Nikos Kazantzakis Airport)	Heraklion, Greece	UTC+02:00	Mar-Oct		
HES	KHRI	Hermiston Municipal Airport (FAA: HRI)	Hermiston, Oregon, United States	UTC-08:00	Mar-Nov		
HET	ZBHH	Hohhot Baita International Airport	Hohhot, Inner Mongolia, China	UTC+08:00			
HEZ	KHEZ	Natchez–Adams County Airport (Hardy–Anders Field)	Natchez, Mississippi, United States	UTC-06:00	Mar-Nov		
-HF-							
HFA	LLHA	Haifa Airport (Uri Michaeli Airport)	Haifa, Israel	UTC+02:00	Mar-Oct		
HFD	KHFD	Hartford–Brainard Airport	Hartford, Connecticut, United States	UTC-05:00	Mar-Nov		
HFE	ZSOF	Hefei Xinqiao International Airport (formerly Hefei Luogang International Airport)	Hefei, Anhui, China	UTC+08:00			
HFF	KHFF	Mackall Army Airfield	Hoffman, North Carolina, United States	UTC-05:00	Mar-Nov		
HFN	BIHN	Hornafjörður Airport	Höfn, Iceland	UTC±00:00			
HFS	ESOH	Hagfors Airport	Hagfors, Sweden	UTC+01:00	Mar-Oct		
HFT	ENHF	Hammerfest Airport	Hammerfest, Norway	UTC+01:00	Mar-Oct		
-HG-							
HGA	HCMH	Hargeisa International Airport (Egal Int'l)	Hargeisa, Somalia	UTC+03:00			
HGD	YHUG	Hughenden Airport	Hughenden, Queensland, Australia	UTC+10:00			
HGE	SVHG	Higuerote Airport	Higuerote, Venezuela	UTC-04:00			
HGH	ZSHC	Hangzhou Xiaoshan International Airport	Hangzhou, Zhejiang, China	UTC+08:00			
HGI	HSFA	Paloich Airport	Higlieg, Sudan	UTC+03:00			
HGL	EDXH	Heligoland Airport (Düne Airport)	Heligoland, Schleswig-Holstein, Germany	UTC+01:00	Mar-Oct		
HGN	VTCH	Mae Hong Son Airport	Mae Hong Son, Thailand	UTC+07:00			
HGO	DIKO	Korhogo Airport	Korhogo, Ivory Coast	UTC±00:00			
HGR	KHGR	Hagerstown Regional Airport (Richard A. Henson Field)	Hagerstown, Maryland, United States	UTC-05:00	Mar-Nov		
HGS	GFHA	Hastings Airport	Freetown, Sierra Leone	UTC±00:00			
HGU	AYMH	Mount Hagen Airport	Mount Hagen, Papua New Guinea	UTC+10:00			
HGZ		Hog River Airport (FAA: 2AK6)	Hogatza, Alaska, United States	UTC-09:00	Mar-Nov		
-HH-							
HHE	RJSH	JMSDF Hachinohe Air Base	Hachinohe, Honshu, Japan	UTC+09:00			
HHH	KHXD	Hilton Head Airport (FAA: HXD)	Hilton Head Island, South Carolina, United States	UTC-05:00	Mar-Nov		
HHI	PHHI	Wheeler Army Airfield	Wahiawa, Hawaii, United States	UTC-10:00			
HHN	EDFH	Frankfurt–Hahn Airport	Hahn, Rhineland-Palatinate, Germany	UTC+01:00	Mar-Oct		
HHQ	VTPH	Hua Hin Airport	Hua Hin, Thailand	UTC+07:00			
HHR	KHHR	Hawthorne Municipal Airport (Jack Northrop Field)	Hawthorne, California, United States	UTC-08:00	Mar-Nov		
HHZ	NTGH	Hikueru Airport	Hikueru Atoll, French Polynesia	UTC-10:00			
-HI-							
HIA	ZSSH	Huai'an Lianshui Airport	Huai'an, Jiangsu, China	UTC+08:00			
HIB	KHIB	Range Regional Airport	Hibbing, Minnesota, United States	UTC-06:00	Mar-Nov		
HID	YHID	Horn Island Airport	Horn Island, Queensland, Australia	UTC+10:00			
HIE	KHIE	Mount Washington Regional Airport	Whitefield, New Hampshire, United States	UTC-05:00	Mar-Nov		
HIF	KHIF	Hill Air Force Base	Ogden, Utah, United States	UTC-07:00	Mar-Nov		
HIG	YHHY	Highbury Airport	Highbury, Queensland, Australia	UTC+10:00			
HII	KHII	Lake Havasu City Airport	Lake Havasu City, Arizona, United States	UTC-07:00			
HIJ	RJOA	Hiroshima Airport	Hiroshima, Honshu, Japan	UTC+09:00			
HIL	HASL	Shilavo Airport	Shilavo, Ethiopia	UTC+03:00			
HIM	VCCH	Hingurakgoda Airport (Minneriya Airport)	Hingurakgoda, Sri Lanka	UTC+05:30			
HIN	RKPS	Sacheon Airport	Jinju, South Korea	UTC+09:00			
HIO	KHIO	Hillsboro Airport (Portland–Hillsboro Airport)	Hillsboro / Portland, Oregon, United States	UTC-08:00	Mar-Nov		
HIP	YHDY	Headingly Airport	Headingly, Queensland, Australia	UTC+10:00			
HIR	AGGH	Honiara International Airport	Honiara, Guadalcanal, Solomon Islands	UTC+11:00			
HIT	AYHO	Haivaro Airport	Haivaro, Papua New Guinea	UTC+10:00			
HIW	RJBH	Hiroshima–Nishi Airport	Hiroshima, Honshu, Japan	UTC+09:00			
-HJ-							
HJJ	ZGCJ	Huaihua Zhijiang Airport	Huaihua, Hunan, China	UTC+08:00			
HJR	VAKJ	Civil Aerodrome Khajuraho	Khajuraho, Madhya Pradesh, India	UTC+05:30			
HJT	ZMHU	Khujirt Airport	Khujirt, Mongolia	UTC+08:00			
-HK-							
HKA	KHKA	Blytheville Municipal Airport	Blytheville, Arkansas, United States	UTC-06:00	Mar-Nov		
HKB		Healy Lake Airport	Healy Lake, Alaska, United States	UTC-09:00	Mar-Nov		
HKD	RJCH	Hakodate Airport	Hakodate, Hokkaido, Japan	UTC+09:00			
HKG	VHHH	Hong Kong International Airport (Chek Lap Kok Airport)	Hong Kong	UTC+08:00		22.306008	113.919350
HKK	NZHK	Hokitika Airport	Hokitika, New Zealand	UTC+12:00	Sep-Apr		
HKN	AYHK	Hoskins Airport	Kimbe, Papua New Guinea	UTC+10:00			
HKS	KHKS	Hawkins Field	Jackson, Mississippi, United States	UTC-06:00	Mar-Nov		
HKT	VTSP	Phuket International Airport	Phuket, Thailand	UTC+07:00			
HKV	LBHS	Haskovo Malevo Airport	Haskovo, Bulgaria	UTC+02:00	Mar-Oct		
HKY	KHKY	Hickory Regional Airport	Hickory, North Carolina, United States	UTC-05:00	Mar-Nov		
-HL-							
HLA	FALA	Lanseria International Airport	Johannesburg, South Africa	UTC+02:00			
HLB	KHLB	Hillenbrand Industries Airport	Batesville, Indiana, United States	UTC-05:00	Mar-Nov		
HLC	KHLC	Hill City Municipal Airport	Hill City, Kansas, United States	UTC-06:00	Mar-Nov		
HLD	ZBLA	Hulunbuir Hailar Airport	Hailar, Inner Mongolia, China	UTC+08:00			
HLE	FHSH	Saint Helena Airport (under construction)	Jamestown, British Overseas Territory				
of Saint Helena, Ascension and Tristan da Cunha	UTC+00:00						
HLF	ESSF	Hultsfred-Vimmerby Airport	Hultsfred / Vimmerby, Sweden	UTC+01:00	Mar-Oct		
HLG	KHLG	Wheeling Ohio County Airport	Wheeling, West Virginia, United States	UTC-05:00	Mar-Nov		
HLH	ZBUL	Ulanhot Airport	Ulanhot, Inner Mongolia, China	UTC+08:00			
HLI	KCVH	Hollister Municipal Airport (FAA: CVH)	Hollister, California, United States	UTC-08:00	Mar-Nov		
HLL	YHIL	Hillside Airport	Hillside, Western Australia, Australia	UTC+08:00			
HLM	KHLM	Park Township Airport	Holland, Michigan, United States	UTC-05:00	Mar-Nov		
HLN	KHLN	Helena Regional Airport	Helena, Montana, United States	UTC-07:00	Mar-Nov		
HLP	WIHH	Halim Perdanakusuma International Airport	Jakarta, Indonesia	UTC+07:00			
HLR	KHLR	Hood Army Airfield	Fort Hood / Killeen, Texas, United States	UTC-06:00	Mar-Nov		
HLS	YSTH	St Helens Airport	St Helens, Tasmania, Australia	UTC+10:00	Oct-Apr		
HLT	YHML	Hamilton Airport	Hamilton, Victoria, Australia	UTC+10:00	Oct-Apr		
HLV		Helenvale Airport	Helenvale, Queensland, Australia	UTC+10:00			
HLW	FAHL	Hluhluwe Airport	Hluhluwe, South Africa	UTC+02:00			
HLZ	NZHN	Hamilton Airport	Hamilton, New Zealand	UTC+12:00	Sep-Apr		
-HM-							
HMA	USHH	Khanty-Mansiysk Airport	Khanty-Mansiysk, Khanty-Mansi Autonomous Okrug, Russia	UTC+05:00			
HMB	HEMK	Sohag International Airport	Sohag, Egypt	UTC+02:00			
HME	DAUH	Oued Irara–Krim Belkacem Airport	Hassi Messaoud, Algeria	UTC+01:00			
HMG	YHMB	Hermannsburg Airport	Hermannsburg, Northern Territory, Australia	UTC+09:30			
HMI	ZWHM	Hami Airport (Kumul Airport)	Hami, Xinjiang, China	UTC+06:00			
HMJ	UKLH	Khmelnytskyi Airport	Khmelnytsky, Ukraine	UTC+02:00	Mar-Oct		
HMN	KHMN	Holloman Air Force Base	Alamogordo, New Mexico, United States	UTC-07:00	Mar-Nov		
HMO	MMHO	General Ignacio Pesqueira Garcia International Airport	Hermosillo, Sonora, Mexico	UTC-07:00			
HMR	ENHA	Hamar Airport, Stafsberg	Hamar, Norway	UTC+01:00	Mar-Oct		
HMT	KHMT	Hemet-Ryan Airport	Hemet, California, United States	UTC-08:00	Mar-Nov		
HMV	ESUT	Hemavan Tärnaby Airport	Hemavan / Tärnaby, Sweden	UTC+01:00	Mar-Oct		
HMY	RKTP	Seosan Air Base	Seosan, South Korea	UTC+09:00			
-HN-							
HNA	RJSI	Hanamaki Airport	Hanamaki, Honshu, Japan	UTC+09:00			
HNB	KHNB	Huntingburg Airport	Huntingburg, Indiana, United States	UTC-05:00	Mar-Nov		
HNC	KHSE	Billy Mitchell Airport (FAA: HSE)	Hatteras, North Carolina, United States	UTC-05:00	Mar-Nov		
HND	RJTT	Haneda Airport	Tokyo, Honshu, Japan	UTC+09:00			
HNH	PAOH	Hoonah Airport	Hoonah, Alaska, United States	UTC-09:00	Mar-Nov		
HNI		Heiweni Airport	Heiweni, Papua New Guinea	UTC+10:00			
HNL	PHNL	Honolulu International Airport	Honolulu, Hawaii, United States	UTC-10:00			
HNM	PHHN	Hana Airport	Hana, Hawaii, United States	UTC-10:00			
HNN		Honinabi Airport	Honinabi, Papua New Guinea	UTC+10:00			
HNS	PAHN	Haines Airport	Haines, Alaska, United States	UTC-09:00	Mar-Nov		
HNY	ZGHY	Hengyang Nanyue Airport	Hengyang, Hunan, China	UTC+08:00			
-HO-							
HOA	HKHO	Hola Airport	Hola, Kenya	UTC+03:00			
HOB	KHOB	Lea County Regional Airport	Hobbs, New Mexico, United States	UTC-07:00	Mar-Nov		
HOC		Komako Airport	Komako, Papua New Guinea	UTC+10:00			
HOD	OYHD	Hodeida International Airport	Al Hudaydah (Hodeida), Yemen	UTC+03:00			
HOE	VLHS	Ban Huoeisay Airport	Ban Houayxay (Ban Huoeisay), Laos	UTC+07:00			
HOF	OEAH	Al-Ahsa International Airport	Hofuf, Saudi Arabia	UTC+03:00			
HOG	MUHG	Frank Pais Airport	Holguin, Cuba	UTC-05:00	Mar-Nov		
HOH	LOIH	Hohenems-Dornbirn Airport	Dornbirn, Austria	UTC+01:00	Mar-Oct		
HOI	NTTO	Hao Airport	Hao, Tuamotus, French Polynesia	UTC-10:00			
HOK	YHOO	Hooker Creek Airport	Lajamanu, Northern Territory, Australia	UTC+09:30			
HOM	PAHO	Homer Airport	Homer, Alaska, United States	UTC-09:00	Mar-Nov		
HON	KHON	Huron Regional Airport	Huron, South Dakota, United States	UTC-06:00	Mar-Nov		
HOO		Nhon Co Airport	Quang Duc, Vietnam	UTC+07:00			
HOP	KHOP	Campbell Army Airfield	Fort Campbell / Hopkinsville, Kentucky, United States	UTC-06:00	Mar-Nov		
HOQ	EDQM	Hof–Plauen Airport	Hof, Bavaria, Germany	UTC+01:00	Mar-Oct		
HOR	LPHR	Horta Airport	Horta, Azores, Portugal	UTC-01:00	Mar-Oct		
HOS	SAHC	Chos Malal Airport	Chos Malal, Neuquen, Argentina	UTC-03:00			
HOT	KHOT	Memorial Field Airport	Hot Springs, Arkansas, United States	UTC-06:00	Mar-Nov		
HOU	KHOU	William P. Hobby Airport	Houston, Texas, United States	UTC-06:00	Mar-Nov		
HOV	ENOV	orsta–Volda Airport, Hovden	orsta / Volda, Norway	UTC+01:00	Mar-Oct		
HOX	VYHL	Homalin Airport	Homalin, Myanmar	UTC+06:30			
HOY		Hoy Island Airport	Longhope, Scotland, United Kingdom	UTC±00:00	Mar-Oct		
-HP-							
HPA	NFTL	Lifuka Island Airport (Salote Pilolevu Airport)	Lifuka, Ha?apai, Tonga	UTC+13:00	Nov-Jan		
HPB	PAHP	Hooper Bay Airport	Hooper Bay, Alaska, United States	UTC-09:00	Mar-Nov		
HPE		Hopevale Airport	Hopevale, Queensland, Australia	UTC+10:00			
HPG	ZHSN	Shennongjia Hongping Airport	Shennongjia, Hubei, China	UTC+08:00			
HPH	VVCI	Cat Bi International Airport	Haiphong, Vietnam	UTC+07:00			
HPN	KHPN	Westchester County Airport	White Plains, New York, United States	UTC-05:00	Mar-Nov		
HPT	KHPT	Hampton Municipal Airport	Hampton, Iowa, United States	UTC-06:00	Mar-Nov		
HPV		Princeville Airport (FAA: HI01)	Hanalei, Hawaii, United States	UTC-10:00			
HPY	KHPY	Baytown Airport	Baytown, Texas, United States	UTC-06:00	Mar-Nov		
-HQ-							
HQM	KHQM	Bowerman Airport	Hoquiam, Washington, United States	UTC-08:00	Mar-Nov		
-HR-							
HRB	ZYHB	Harbin Taiping International Airport	Harbin, Heilongjiang, China	UTC+08:00			
HRC		Zhayrem Airport	Zhayrem, Kazakhstan	UTC+06:00			
HRE	FVHA	Harare International Airport	Harare, Zimbabwe	UTC+02:00			
HRG	HEGN	Hurghada International Airport	Hurghada, Egypt	UTC+02:00			
HRI	VCRI	Mattala Rajapaksa International Airport	Hambantota, Sri Lanka	UTC+05:30			
HRK	UKHH	Kharkiv International Airport (Osnova Airport)	Kharkiv, Ukraine	UTC+02:00	Mar-Oct		
HRL	KHRL	Valley International Airport	Harlingen, Texas, United States	UTC-06:00	Mar-Nov		
HRM	DAFH	Hassi R'Mel Airport (Tilrempt Airport)	Hassi R'Mel, Algeria	UTC+01:00			
HRO	KHRO	Boone County Airport	Harrison, Arkansas, United States	UTC-06:00	Mar-Nov		
HRR		La Herrera Airport	La Herrera, Colombia	UTC-05:00			
HRS	FAHR	Harrismith Airport	Harrismith, South Africa	UTC+02:00			
HRT	EGXU	RAF Linton-on-Ouse	Linton-on-Ouse, England, United Kingdom	UTC±00:00	Mar-Oct		
HRY	YHBY	Henbury Airport	Henbury, Northern Territory, Australia	UTC+09:30			
HRZ	SSHZ	Horizontina Airport	Horizontina, Rio Grande do Sul, Brazil	UTC-03:00	Oct-Feb		
-HS-							
HSB	KHSB	Harrisburg-Raleigh Airport	Harrisburg, Illinois, United States	UTC-06:00	Mar-Nov		
HSC		Shaoguan Guitou Airport	Shaoguan, Guangdong, China	UTC+08:00			
HSG	RJFS	Saga Airport	Saga, Kyushu, Japan	UTC+09:00			
HSH	KHND	Henderson Executive Airport (FAA: HND)	Las Vegas, Nevada, United States	UTC-08:00	Mar-Nov		
HSI	KHSI	Hastings Municipal Airport	Hastings, Nebraska, United States	UTC-06:00	Mar-Nov		
HSJ		Zhengzhou Shangjie Airport	Zhengzhou, Henan, China	UTC+08:00			
HSK	LEHC	Huesca–Pirineos Airport	Huesca, Aragon, Spain	UTC+01:00	Mar-Oct		
HSL	PAHL	Huslia Airport (FAA: HLA)	Huslia, Alaska, United States	UTC-09:00	Mar-Nov		
HSM	YHSM	Horsham Airport	Horsham, Victoria, Australia	UTC+10:00	Oct-Apr		
HSN	ZSZS	Zhoushan Putuoshan Airport	Zhoushan, Zhejiang, China	UTC+08:00			
HSP	KHSP	Ingalls Field	Hot Springs, Virginia, United States	UTC-05:00	Mar-Nov		
HSS	VIHR	Hisar Airport	Hisar, Haryana, India	UTC+05:30			
HST	KHST	Homestead Air Reserve Base	Homestead, Florida, United States	UTC-05:00	Mar-Nov		
HSV	KHSV	Huntsville International Airport (Carl T. Jones Field)	Huntsville, Alabama, United States	UTC-06:00	Mar-Nov		
HSZ	RCPO	Hsinchu Air Base	Hsinchu, Taiwan	UTC+08:00			
-HT-							
HTA	UIAA	Chita International Airport (Kadala Airport)	Chita, Zabaykalsky Krai, Russia	UTC+09:00			
HTG	UOHH	Khatanga Airport	Khatanga, Krasnoyarsk Krai, Russia	UTC+07:00			
HTH	KHTH	Hawthorne Industrial Airport	Hawthorne, Nevada, United States	UTC-08:00	Mar-Nov		
HTI	YBHM	Great Barrier Reef Airport	Hamilton Island, Queensland, Australia	UTC+10:00			
HTL	KHTL	Roscommon County–Blodgett Memorial Airport	Houghton Lake, Michigan, United States	UTC-05:00	Mar-Nov		
HTM	ZMHG	Khatgal Airport	Khatgal, Mongolia	UTC+07:00			
HTN	ZWTN	Hotan Airport	Hotan, Xinjiang, China	UTC+06:00			
HTO	KHTO	East Hampton Airport	East Hampton, New York, United States	UTC-05:00	Mar-Nov		
HTR	RORH	Hateruma Airport	Hateruma, Yaeyama Islands, Japan	UTC+09:00			
HTS	KHTS	Tri-State Airport (Milton J. Ferguson Field)	Huntington, West Virginia, United States	UTC-05:00	Mar-Nov		
HTT		Huatugou Airport	Huatugou, Qinghai, China	UTC+08:00			
HTU	YHPN	Hopetoun Airport	Hopetoun, Victoria, Australia	UTC+10:00	Oct-Apr		
HTV	KUTS	Huntsville Municipal Airport (Bruce Brothers Regional)	Huntsville, Texas, United States	UTC-06:00	Mar-Nov		
HTW	KHTW	Lawrence County Airpark	Chesapeake / Huntington (WV), Ohio, United States	UTC-05:00	Mar-Nov		
HTY	LTDA	Hatay Airport	Hatay, Turkey	UTC+03:00			
HTZ	SKHC	Hato Corozal Airport	Hato Corozal, Colombia	UTC-05:00			
-HU-							
HUA	KHUA	Redstone Army Airfield	Redstone Arsenal / Huntsville, Alabama, United States	UTC-06:00	Mar-Nov		
HUB	YHBR	Humbert River Airport	Humbert River, Northern Territory, Australia	UTC+09:30			
HUC		Humacao Airport	Humacao, Puerto Rico, United States	UTC-04:00			
HUD		Humboldt Municipal Airport (FAA: 0K7)	Humboldt, Iowa, United States	UTC-06:00	Mar-Nov		
HUE	HAHU	Humera Airport	Humera, Ethiopia	UTC+03:00			
HUF	KHUF	Terre Haute International Airport (Hulman Field)	Terre Haute, Indiana, United States	UTC-05:00	Mar-Nov		
HUG	MGHT	Huehuetenango Airport	Huehuetenango, Guatemala	UTC-06:00			
HUH	NTTH	Huahine – Fare Airport	Huahine, Society Islands, French Polynesia	UTC-10:00			
HUI	VVPB	Phu Bai International Airport	Hue, Vietnam	UTC+07:00			
HUJ	KHHW	Stan Stamper Municipal Airport (FAA: HHW)	Hugo, Oklahoma, United States	UTC-06:00	Mar-Nov		
HUK		Hukuntsi Airport	Hukuntsi, Botswana	UTC+02:00			
HUL	KHUL	Houlton International Airport	Houlton, Maine, United States	UTC-05:00	Mar-Nov		
HUM	KHUM	Houma–Terrebonne Airport	Houma, Louisiana, United States	UTC-06:00	Mar-Nov		
HUN	RCYU	Hualien Airport	Hualien, Taiwan	UTC+08:00			
HUO	ZBHZ	Holingol Huolinhe Airport	Holingol (Huolinguole), Inner Mongolia, China	UTC+08:00			
HUQ	HLON	Hun Airport	Hun, Libya	UTC+02:00			
HUS	PAHU	Hughes Airport	Hughes, Alaska, United States	UTC-09:00	Mar-Nov		
HUT	KHUT	Hutchinson Municipal Airport	Hutchinson, Kansas, United States	UTC-06:00	Mar-Nov		
HUU	SPNC	Alferez FAP David Figueroa Fernandini Airport	Huanuco, Peru	UTC-05:00			
HUV	ESNH	Hudiksvall Airport	Hudiksvall, Sweden	UTC+01:00	Mar-Oct		
HUW	SWHT	Francisco Correa da Cruz Airport	Humaita, Amazonas, Brazil	UTC-04:00	Oct-Feb		
HUX	MMBT	Bahias de Huatulco International Airport	Huatulco, Oaxaca, Mexico	UTC-06:00	Apr-Oct		
HUY	EGNJ	Humberside Airport	Humberside, England, United Kingdom	UTC±00:00	Mar-Oct		
HUZ	ZGHZ	Huizhou Pingtan Airport	Huizhou, Guangdong, China	UTC+08:00			
-HV-							
HVA	FMNL	Analalava Airport	Analalava, Madagascar	UTC+03:00			
HVB	YHBA	Hervey Bay Airport	Hervey Bay, Queensland, Australia	UTC+10:00			
HVD	ZMKD	Khovd Airport	Khovd, Mongolia	UTC+07:00			
HVE	KHVE	Hanksville Airport	Hanksville, Utah, United States	UTC-07:00	Mar-Nov		
HVG	ENHV	Honningsvag Airport, Valan	Honningsvag, Norway	UTC+01:00	Mar-Oct		
HVK	BIHK	Holmavik Airport	Holmavik, Iceland	UTC±00:00			
HVN	KHVN	Tweed New Haven Airport	New Haven, Connecticut, United States	UTC-05:00	Mar-Nov		
HVR	KHVR	Havre City–County Airport	Havre, Montana, United States	UTC-07:00	Mar-Nov		
HVS	KHVS	Hartsville Regional Airport	Hartsville, South Carolina, United States	UTC-05:00	Mar-Nov		
-HW-							
HWA		Hawabango Airport	Hawabango, Papua New Guinea	UTC+10:00			
HWD	KHWD	Hayward Executive Airport	Hayward, California, United States	UTC-08:00	Mar-Nov		
HWI		Hawk Inlet Seaplane Base	Hawk Inlet, Alaska, United States	UTC-09:00	Mar-Nov		
HWK	YHAW	Wilpena Pound Airport	Hawker, South Australia, Australia	UTC+09:30	Oct-Apr		
HWN	FVWN	Hwange National Park Airport	Hwange National Park, Zimbabwe	UTC+02:00			
HWO	KHWO	North Perry Airport	Hollywood, Florida, United States	UTC-05:00	Mar-Nov		
-HX-							
HXD	ZLDL	Delingha Airport	Delingha, Qinghai, China	UTC+08:00			
HXX	YHAY	Hay Airport	Hay, New South Wales, Australia	UTC+10:00	Oct-Apr		
-HY-							
HYA	KHYA	Barnstable Municipal Airport (Boardman/Polando Field)	Hyannis, Massachusetts, United States	UTC-05:00	Mar-Nov		
HYC	EGTB	Wycombe Air Park	High Wycombe, England, United Kingdom	UTC±00:00	Mar-Oct		
HYD	VOHS	Rajiv Gandhi International Airport	Hyderabad, Telangana, India	UTC+05:30			
HYF		Hayfields Airport	Hayfields, Papua New Guinea	UTC+10:00			
HYG	PAHY	Hydaburg Seaplane Base	Hydaburg, Alaska, United States	UTC-09:00	Mar-Nov		
HYL		Hollis Clark Bay Seaplane Base	Hollis, Alaska, United States	UTC-09:00	Mar-Nov		
HYN	ZSLQ	Taizhou Luqiao Airport	Taizhou, Zhejiang, China	UTC+08:00			
HYR	KHYR	Sawyer County Airport	Hayward, Wisconsin, United States	UTC-06:00	Mar-Nov		
HYS	KHYS	Hays Regional Airport	Hays, Kansas, United States	UTC-06:00	Mar-Nov		
HYV	EFHV	Hyvinkää Airfield	Hyvinkää, Finland	UTC+02:00	Mar-Oct		
-HZ-							
HZB	LFQT	Merville–Calonne Airport	Hazebrouck, Nord-Pas-de-Calais, France	UTC+01:00	Mar-Oct		
HZG	ZLHZ	Hanzhong Chenggu Airport	Hanzhong, Shaanxi, China	UTC+08:00			
HZH	ZUNP	Liping Airport	Liping, Guizhou, China	UTC+08:00			
HZK	BIHU	Husavik Airport	Husavik, Iceland	UTC±00:00			
HZL	KHZL	Hazleton Municipal Airport	Hazleton, Pennsylvania, United States	UTC-05:00	Mar-Nov		
HZP	CYNR	Fort MacKay/Horizon Airport	Fort McKay, Alberta, Canada	UTC-07:00	Mar-Nov		
HZV	FAHW	Hazyview Airport	Hazyview, South Africa	UTC+02:00			
MEM	KMEM	Memphis International Airport	Memphis, Tennessee, United States				
YVR	CYVR	Vancouver International Airport	Vancouver, British Columbia, Canada			49.1968	-123.182504
YYZ	CYYZ	Toronto Pearson International Airport	Toronto, Ontario, Canada			43.678669	-79.623434