5_0_5A	5 Avenue Rd	Eglinton Stn	Queen's Park	5A Queen's Park	N/A
5_1_5A	5 Avenue Rd	Queen's Park	Eglinton Stn	5 Eglinton Stn	N/A
5_0_5B	5 Avenue Rd	Eglinton Stn	Gerrard Street West	5B Gerrard	N/A
5_1_5B	5 Avenue Rd	Gerrard Street West	Eglinton Stn	5 Eglinton Stn	N/A
6_0_6A	6 Bay	Davenport/Dupont 	George Brown College	6 Dockside/Queens Quay 	N/A
6_1_6A	6 Bay	George Brown College	Davenport/Dupont 	6A Davenport/Dupont 	N/A
6_0_6B	6 Bay	Davenport/Yonge	George Brown College	6 Queen's Quay/Dockside	N/A
6_1_6B	6 Bay	George Brown College	Davenport/Yonge	6B Bloor (Davenport/Yonge)	N/A
7_0_7	7 Bathurst 	Greenwin Village/Bathurst (Steeles) 	Bathurst Stn	7 Bathurst Stn	N/A
7_1_7	7 Bathurst 	Bathurst Stn	Greenwin Village/Bathurst (Steeles) 	7 Steeles 	N/A
7_0_BWBA	7 Bathurst	Wilson Ave/Bathurst	Bathurst Stn	7 Bathurst Stn	first trip for run
7_0_DUBA	7 Bathurst	Duncan Shops (Hillcrest)	Bathurst Stn	7 Bathurst Stn	142 Avenue Rd Express
7_0_HIBA	7 Bathurst	Hillcrest 	Bathurst Stn	7 Bathurst Stn	142 Avenue Rd Express
7_1_BWVL	7 Bathurst	Bathurst Stn	Wilson Ave/Bathurst	7S Short Turn	N/A
8_0_8	8 Broadview	Coxwell Avenue	Broadview Stn	8 Broadview Stn	N/A
8_1_8	8 Broadview	Broadview Stn	Coxwell Avenue	8 Coxwell	N/A
9_0_9	9 Bellamy	Scarborough Centre 	Warden Stn	9 Warden Stn	N/A
9_1_9	9 Bellamy	Warden Stn	Scarborough Centre 	9 Scarborough Centre 	N/A
9_1_9rush	9 Bellamy	Warden Stn	Scarborough Centre	9 Scarborough Centre	bypasses Neilson Avenue
10_0_10	10 Van Horne	Don Mills Stn	Van Horne Av/Brian Dr	10 Victoria Park	N/A
10_1_10	10 Van Horne	Van Horne Av/Brian Dr	Don Mills Stn	10 Don Mills Stn	N/A
10_0_VHBR	10 Van Horne	Bickerton Cres/Van Horne	Van Horne Av/Brian Dr	10 Don Mills Stn	N/A
11_0_11A	11 Bayview 	Steeles Loop/Bayview 	Davisville Stn	11 Davisville Stn	via Sunnybrook
11_1_11A	11 Bayview 	Davisville Stn	Steeles Loop/Bayview 	11A Steeles	via Sunnybrook
11_0_11C	11 Bayview 	Sunnybrook Hospital 	Davisville Stn	11 Davisville Stn	N/A
11_1_11C	11 Bayview 	Davisville Stn	Sunnybrook Hospital 	11C Sunnybrook 	N/A
11_1_11Apm	11 Bayview 	Davisville Stn	Steeles Loop/Bayview 	11A Steeles	bypasses Odette Cancer Centre
12_0_12A	12 Kingston Rd	Victoria Park Stn	Kennedy Stn	12A Kennedy Stn	via Variety Village and Brimley
12_1_12A	12 Kingston Rd	Kennedy Stn	Victoria Park Stn	12A Victoria Park Stn	via Variety Village and Brimley
12_0_12B	12 Kingston Rd	Victoria Park Stn	Kennedy Stn	12B Kennedy Stn	via Brimley
12_1_12B	12 Kingston Rd	Kennedy Stn	Victoria Park Stn	12B Victoria Park Stn	via Brimley
12_0_12C	12 Kingston Rd	St. Clair/Barkdene Hills	Victoria Park Stn	12C Victoria Park Stn	N/A
12_1_12C	12 Kingston Rd	Victoria Park Stn	St. Clair/Barkdene Hills	12C St. Clair/Barkdene Hills	N/A
12_0_12D	12 Kingston Rd	U of T Scarborough 	Victoria Park Stn	12D Victoria Park Stn	N/A
12_1_12D	12 Kingston Rd	Victoria Park Stn	U of T Scarborough 	12D U of T Scarborough	N/A
12_0_12Apeak	12 Kingston Rd	Victoria Park Stn	Kennedy Stn	12A Kennedy Stn	via Variety Village and Brimley
12_0_NMVI	12 Kingston Rd	Neil McNeil HS	Victoria Park Stn	12E Victoria Park Stn	Express/School Trip
14_0_14	14 Glencarin	Caledonia Rd 	Davisville Stn	14 Davisville Stn	N/A
14_1_14	14 Glencarin	Davisville Stn	Caledonia Rd	14 Caledonia 	N/A
15_0_15	15 Evans	Bloor St (Royal York Stn) 	Sherway Gardens	15 Sherway 	N/A
15_1_15	15 Evans 	Sherway Gardens	Bloor St (Royal York Stn) 	15 Royal York Stn	N/A
16_0_16	16 McCowan 	Scarborough Centre 	Warden Stn	16 Warden Stn	N/A
16_1_16	16 McCowan 	Warden Stn	Scarborough Centre 	16 Scarborough Centre 	N/A
16_0_16dd	16 McCowan 	Scarborough Centre 	Danforth/Danforth (RD/Ave) 	16 Danforth 	bypasses Warden Stn
17_0_17A	17 Birchmount 	Birchmount/Rougeside Prom	Warden Stn	17 Warden Stn	N/A
17_1_17A	17 Birchmount 	Warden Stn	Highway 7	17A Highway 7	Extra Fare Required North of Steeles
17_0_17B	17 Birchmount 	Steeles 	Warden Stn	17 Warden Stn	N/A
17_1_17B	17 Birchmount 	Warden Stn	Steeles	17B Steeles	via Wintermute
17_0_17C	17 Birchmount 	Steeles/Warden 	Warden Stn	17 Warden Stn	N/A
17_1_17C	17 Birchmount 	Warden Stn	Steeles/Warden 	17C Steeles/Warden	N/A
17_0_ke17S	17 Birchmount 	McNiccol Loop/Kennedy Rd	Warden Stn	17 Warden Stn	Short Turn Trip
20_0_20	20 Cliffside	Main Street Stn	Kennedy Stn	20 Kennedy Stn	N/A
20_1_20	20 Cliffside	Kennedy Stn	Main Street Stn	20 Main Street Stn	N/A
21_0_21A	21 Brimley 	Scarborough Centre 	Kennedy Stn	21A Kennedy Stn	N/A
21_1_21A	21 Brimley 	Kennedy Stn	Scarborough Centre 	21A Scarborough Centre	N/A
21_0_21B	21 Brimley 	Steeles 	Scarborough Centre 	21B Scarborough Centre	N/A
21_1_21B	21 Brimley 	Scarborough Centre 	Steeles 	21B Steeles	N/A
21_0_21C	21 Brimley 	Steeles 	Kennedy Stn	21C Kennedy Stn 	via Scarborough Centre
21_1_21C	21 Brimley 	Kennedy Stn	Steeles 	21C Steeles 	via Scarborough Centre
22_0_22A	22 Coxwell	Coxwell Stn	Bingham Loop	22A Victoria Park	via Kingston Rd
22_1_22A	22 Coxwell 	Bingham Loop	Coxwell Stn	22 Coxwell Stn	via Kingston Rd
22_0_22B	22 Coxwell 	Coxwell Stn	Queen Street	22B Queen	N/A
22_1_22B	22 Coxwell 	Queen Street	Coxwell Stn	22 Coxwell Stn	N/A
23_0_23	23 Dawes	St Clair Avenue East	Main Street Stn	23 Main Street Stn	N/A
23_1_23	23 Dawes	Main Street Stn	St Clair Avenue East	23 St Clair 	N/A
23_0_23con	23 Dawes	St Clair 	Woodbine Stn	23A Woodbine Stn	Construction Branch
23_1_23con	23 Dawes	Woodbine Stn	St Clair 	23 St Clair 	Construction Branch
24_0_24A	24 Victoria Park	Steeles	Victoria Park Stn	24 Victoria Park Stn	N/A
24_1_24A	24 Victoria Park	Victoria Park Stn	Steeles	24A Steeles	N/A
24_0_24B	24 Victoria Park	Don Mills Stn	Victoria Park Stn	24B Victoria Park Stn	via Consumers Rd
24_1_24B	24 Victoria Park	Victoria Park Stn	Don Mills Stn	24B Don Mills Stn	via Consumers Rd
24_0_24E	24 Victoria Park	Steeles	Victoria Park Stn	24E Victoria Park Stn	Express
24_1_24E	24 Victoria Park	Victoria Park Stn	Steeles	24E Steeles	Express
24_0_24da	24 Victoria Park	Steeles Loop	Danforth/Victoria Park	24 Danforth?	N/A
24_1_24da	24 Victoria Park 	Danforth/Victoria Park 	Steeles Loop 	24A Steeles	N/A
24_0_24DABI	24 Victoria Park 	Danforth/Victoria Park	Bingham Loop	24 Bingham?	N/A
24_1_biv24	24 Victoria Park 	Bingham Loop	Steeles Loop	24A Steeles	bypasses Victoria Park Stn
24_1_CSDO	24 Victoria Park 	Consumers/Victoria Park	Don Mills Stn	24B Don Mills Stn	N/A
24_1_dav24	24 Victoria Park 	Danforth/Victoria Park	Steeles Loop at Victoria Park	24A Steeles 	N/A
25_0_25A	25 Don Mills	Freshmeadow/Don Mills (Steeles)	Pape Stn	25A Pape Stn	via Don Mills Stn
25_1_25A	25 Don Mills	Pape Stn	Freshmeadow/Don Mills (Steeles)	25A Steeles	via Don Mills Stn
25_0_25A*	25 Don Mills	Freshmeadow/Don Mills (Steeles)	Freshmeadow/Don Mills (Steeles)	25/A/C Steeles	bypasses Don Mills Stn
25_1_25A*	25 Don Mills	Pape Stn	Freshmeadow/Don Mills (Steeles)	25/A/B Pape Stn	bypasses Don Mills Stn
25_0_25B	25 Don Mills	Don Mills Stn	Pape Stn	25B Pape Stn	N/A
25_1_25B	25 Don Mills	Pape Stn	Don Mills Stn	25B Don Mills Stn	N/A
25_0_25C	25 Don Mills	Freshmeadow/Don Mills (Steeles)	Don Mills Stn	25C Don Mills Stn	N/A
25_1_25C	25 Don Mills	Don Mills Stn	Freshmeadow/Don Mills (Steeles)	25C Steeles	N/A
25_0_dm25	25 Don Mills	Duncan Mill Rd	Pape Stn	25B Pape Stn	N/A
25_1_25FEFM	25 Don Mills	Fenelon Loop	Freshmeadow/Don Mills (Steeles)	25C Steeles	N/A
26_0_26	26 Dupont 	Jane Stn	St George Stn	26 St George Stn	N/A
26_1_26	26 Dupont 	St George Stn	Jane Stn	26 Jane Stn	N/A
28_0_28	28 Bayview South 	Davisville Stn	Evergreen Brick Works 	28 Brick Works	N/A
28_1_28	28 Bayview South 	Evergreen Brick Works 	Davisville Stn	28 Davisville Stn	N/A
29_0_29A	29 Dufferin 	Wilson Stn	Dufferin Gate Loop	29A Exhibition 	N/A
29_1_29A	29 Dufferin 	Dufferin Gate Loop	Wilson Stn	29A Wilson Stn	N/A
29_0_29B	29 Dufferin 	Landsdowne/Tycos 	Exhibition (Dufferin Gate Loop)	29B Exhibition 	N/A
29_1_29B	29 Dufferin 	Exhibition (Dufferin Gate Loop)	Landsdown/Tycos 	29B Tycos	N/A
29_0_29C	29 Dufferin	Wilson Stn	Exhibition (Princes Gate Loop)	29C Princes Gate 	N/A
29_1_29C	29 Dufferin	Exhibtion (Princes Gate Loop)	Wilson Stn	29C Wilson Stn	N/A
29_0_29D	29 Dufferin	Dufferin Stn	Princes Gate Loop	29D Princes Gate 	N/A
29_1_29D	29 Dufferin	Princes Gate Loop	Dufferin Stn	29D Dufferin Stn	N/A
29_0_29dm	29 Dufferin 	Wilson Stn	Dufferin Mall	29D Dufferin Mall/Stn	N/A
29_1_29dm	29 Dufferin 	Dufferin Mall	Wilson Stn	29D Wilson Stn	N/A
30_0_30A	30 Lambton	Kipling Stn	High Park Stn	30A High Park Stn	N/A
30_1_30A	30 Lambton	High Park Stn	Kipling Stn	30 Kipling Stn	N/A
30_0_30B	30 Lambton	Kipling Stn	High Park 	30B High Park 	via High Park Stn
30_1_30B	30 Lambton	High Park 	Kipling Stn	30B Kipling Stn	via High Park Stn
30_0_HPCL	30 Lambton	High Park Stn	Colborne Lodge/Centre Rd	30 High Park	N/A
30_1_CLHP	30 Lambton	Colborne Lodge/Centre Rd	High Park Stn	30 High Park Stn	N/A
31_0_31A	31 Greenwood	Greenwood Stn	Queen Street	31A Queen	N/A
31_1_31A	31 Greenwood 	Queen Street	Greenwood Stn	31 Greenwood Stn	N/A
31_0_31B	31 Greenwood	Greenwood Stn	Eastern/Minto	31B Eastern 	N/A
31_1_31B	31 Greenwood 	Eastern/Minto	Greenwood Stn	31 Greenwood Stn	N/A
32_0_32A	32 Eglinton West	Renforth Stn	Eglinton Stn	32 Eglinton Stn	N/A
32_1_32A	32 Eglinton West	Eglinton Stn	Renforth Stn	32A Renforth Stn	N/A
32_0_32C	32 Eglinton West	Pine St/Lawrence West 	Eglinton Stn	32 Eglinton Stn	N/A
32_1_32C	32 Eglinton West	Eglinton Stn	Pine St/Lawrence West 	32C Jane and Lawrence 	via Trethewey
32_0_32D	32 Eglinton West	Emmet/Verona Ave	Eglinton West Stn	32 Eglinton West Stn	N/A
32_1_32D	32 Eglinton West	Eglinton West Stn	Emmet/Verona Ave	32D Jane & Emmet 	N/A
32_0_HOJA	32 Eglinton West	Emmett Ave/Verona Ave	Jane St/Goldwin Ave	32D Jane & Emmett	last trip for run
33_0_33	33 Forest Hill	Roselawn/Bathurst	St Clair Stn	33 St Clair Stn	N/A
33_1_33	33 Forest Hill	St Clair Stn	Roselawn/Bathurst	33 Eglinton	N/A
33_1_33roch	33 Forest Hill	St Clair Stn	Roselawn/Chaplin	33 Eglinton	Last trip of 33
34_0_34A	34 Eglinton East 	Eglinton Stn	Kennedy Stn	34A Kennedy Stn 	N/A
34_1_34A	34 Eglinton East 	Kennedy Stn	Eglinton Stn	34A Eglinton Stn	N/A
34_0_34B	34 Eglinton East 	Don Mills Rd (Don Mills and Wyford) 	Kennedy Stn	34B Kennedy Stn	N/A
34_1_34B	34 Eglinton East 	Kennedy Stn	Don Mills Rd (Don Mills and Wynford) 	34B Don Mills and Wynford 	N/A
34_0_34C	34 Eglinton East 	Eglinton Stn	Grenoble/Spanbridge (Flemingdon Park) 	34C Flemingdon Park	N/A
34_1_34C	34 Eglinton East 	Grenoble/Spanbridge (Flemingdon Park) 	Eglinton Stn	34C Eglinton Stn	N/A
34_1_34Akes	34 Eglinton East	Brimley Rd	Eglinton Stn	34A Eglinton Stn	bypass Kennedy Stn
35_0_35A	35 Jane	Pioneer Village Stn	Jane Stn	35 Jane Stn	N/A
35_1_35A	35 Jane	Jane Stn	Pioneer Village Stn	35A Pioneer Village Stn	N/A
35_0_35B	35 Jane	Pionner Village Stn	Jane Stn	35 Jane Stn	via Hullmar Drive
35_1_35B	35 Jane	Jane Stn	Pioneer Village Stn	35B Pioneer Village Stn	via Hullmar Drive
35_0_35Apv	35 Jane	Northwest Gate (Pioneer Village Stn)	Jane Stn	35 Jane Stn	does not enter Pioneer Village
35_0_35Arush	35 Jane	Pioneer Village Stn	Jane Stn	35 Jane Stn	unknown differences
35_1_35A	35 Jane	Jane Stn	Pioneer Village Stn	35A Pioneer Village Stn	N/A
35_1_35fj	35 Jane	Jane Stn	Finch 	35S Finch	last trip
35_1_35Apv	35 Jane	Jane Stn	Northwest Gate (Pioneer Village Stn)	35A/C Pioneer Village Stn	does not enter Pioneer Village Stn
35_1_35Arush	35 Jane	Jane Stn	Pioneer Village Stn	35A Pioneer Village Stn	bypass Bloor St stop
35_1_35fj	35 Jane 	Jane Stn	Finch	35S Finch	N/A
36_0_36A	36 Finch West	Humberwood Loop	Finch Stn	36 Finch Stn	via Finch West Stn
36_1_36A	36 Finch West	Finch Stn	Humberwood Loop	36A Humberwood 	via Finch West Stn
36_0_36B	36 Finch West	Finch West Stn	Finch Stn	36 Finch Stn	N/A
36_1_36B	36 Finch West	Finch Stn	Finch West Stn	36A Finch West Stn	N/A
36_0_36D	36 Finch West	Weston Rd	Finch Stn	36 Finch Stn	via Milvan 
36_1_36D	36 Finch West	Finch Stn	Weston Rd	36D Weston Rd	via Milvan 
36_0_36F	36 Finch West	Weston Rd	Finch West Stn	36 Finch West Stn	via Milvan and Fenmar
36_1_36F	36 Finch West	Finch West Stn	Weston Rd	36F Weston Rd	via Milvan and Fenmar
36_0_36J	36 Finch West	Humberwood Loop	Finch Stn	36 Finch Stn	via Finch West Stn
36_1_36J	36 Finch West	Finch Stn	Humberwood Loop	36A Humberwood Loop	via Finch West Stn
36_0_36FWES	36 Finch West	Finch Stn	Weston Rd	36S Weston Rd	via Finch West Stn
36_0_MPWE	36 Finch West	Milvan Dr/Penn Dr	Finch Ave/Weston Rd	36 Weston Rd	last trip
36_0_fa36c	36 Finch West	Finch Avenue West	Finch Stn	36 Finch Stn	bypass Finch West Stn
36_1_36Dpv	36 Finch West	Yonge St	Weston and Milvan	36D Weston Rd	N/A
36_0_36Jpv	36 Finch West	Humberwood Loop	Yonge St	36 Finch Stn	bypass Finch West Stn
36_1_36Jpv	36 Finch West	Yonge St	Humberwood Loop	36A Humberwood Loop	bypass Finch West Stn
37_0_37A	37 Islington	Humberwood Loop	Islington Stn	37 Islington Stn	N/A
37_1_37A	37 Islington	Islington Stn	Humberwood Loop	37A Woodbine/Humberwood	via Rexdale Blvd
37_0_37B	37 Islington	Steeles Loop/Islington	Islington Stn	37 Islington Stn	N/A
37_1_37B	37 Islington	Islington Stn	Steeles Loop/Islington	37B Steeles 	N/A
38_0_38A	38 Highland Creek	Rouge Hill GO Stn	Scarborough Centre 	38 Scarborough Centre 	N/A
38_1_38A	38 Highland Creek	Scarborough Centre 	Rouge Hill GO Stn	38A Rouge Hill GO Stn	N/A
38_0_38B	38 Highland Creek	U of T Scarborough 	Scarborough Centre 	38 Scarborough Centre	N/A
38_1_38B	38 Highland Creek	Scarborough Centre 	U of T Scarborough 	38B U of T Scarborough	N/A
39_0_39A	39 Finch East	Finch Stn	Neilson Road	39A Neilson 	N/A
39_1_39A	39 Finch East	Neilson Road	Finch Stn	39 Finch Stn	N/A
39_0_39B	39 Finch East	Finch Stn	Old Finch/Morningview	39B Old Finch/Morningview	N/A
39_1_39B	39 Finch East	Old Finch/Morningview	Finch Stn	39 Finch Stn	N/A
39_0_39C	39 Finch East	Finch Stn	Victoria Park/Gordon Baker	39C Victoria Park/Gordon Baker	N/A
39_1_39C	39 Finch East	Victoria Park/Gordon Baker	Finch Stn	39 Finch Stn	N/A
40_0_40	40 Junction 	Runnymede Loop	Dundas West Stn	40 Dundas West Stn	N/A
40_1_40	40 Junction 	Dundas West Stn	Runnymede Loop	40 Runnymede	N/A
40_1_40edna	40 Junction 	Edna/Dundas 	Runnymede Loop	40 Runnymede	N/A
41_0_41A	41 Keele	Pioneer Village Stn	Keele Stn	41 Keele Stn	N/A
41_1_41A	41 Keele	Keele Stn	Pioneer Village Stn	41A Pioneer Village Stn	N/A
41_0_41Apv	41 Keele	Northwest Gate (Pioneer Village Stn)	Keele Stn	41 Keele Stn	Does not enter Pioneer Village Stn
41_0_41E	41 Keele	Four Winds Dr (Finch West Stn)	Keele Stn	41E Keele Stn	Express
41_1_41E	41 Keele	Keele Stn	Four Winds Dr (Finch West Stn)	41E Finch West Stn	Express
42_0_42A	42 Cummer	Finch Stn	Middlefield Road	42A Middlefield	via Dynamic Drive
42_1_42A	42 Cummer	Dynamic Drive	Finch Stn	42 Finch Stn	N/A
42_0_42Acon	42 Cummer	Finch Stn	Middlefield Road	42A Middlefield	via Dynamic Drive
42_1_42Acon	42 Cummer	Dynamic Drive	Finch Stn	42 Finch Stn	N/A
42_0_42C	42 Cummer	Finch Stn	Victoria Park/Gordon Baker	42C Victoria Park	N/A
42_1_42C	42 Cummer	Victoria Park/Gordon Baker	Finch Stn	42 Finch Stn	N/A
42_0_42MCVP	42 Cummer	McNicoll/Victoria Park	Victoria Park/Gordon Baker	42C Victoria Park	N/A
42_1_42mfs	42 Cummer	Victoria Park/Gordon Baker	Finch Stn	42 Finch Stn	N/A
43_0_43A	43 Kennedy 	Steeles	Kennedy Stn	43 Kennedy	N/A
43_1_43A	43 Kennedy	Kennedy Stn	Steeles	43A Steeles	N/A
43_0_43B	43 Kennedy	Scarborough Centre 	Kennedy Stn	43 Kennedy 	N/A
43_1_43B	43 Kennedy	Kennedy Stn	Scarborough Centre 	43B Scarborough Centre 	via Progress
44_0_44	44 Kipling South	Kipling Stn	Lakeshore	44 Lakeshore	N/A
44_1_44	44 Kipling South	Lakeshore	Kipling Stn	44 Kipling Stn	N/A
45_0_45A	45 Kipling 	Steeles 	Kipling Stn	45 Kipling Stn	N/A
45_1_45A	45 Kipling 	Kipling Stn	Steeles	45A Steeles	N/A
45_0_45B	45 Kipling 	Carlingview Drive	Kipling Stn 	45 Kipling Stn	via Belfield Road
45_1_45B	45 Kipling 	Kipling Stn	Carlingview Drive	45B Carlingview 	via Belfield Road
45_0_45E	45 Kipling	Steeles 	Kipling Stn	45E Kipling Stn	Express
45_1_45E	45 Kipling 	Kipling Stn	Steeles	45E Steeles	Express
45_0_45ACon	45 Kipling 	Steeles	Kipling Stn	45 Kipling Stn	N/A
45_1_45ACon	45 Kipling 	Kipling Stn	Steeles	45A Steeles	N/A
45_0_45BCon	45 Kipling 	Carlingview Drive	Kipling Stn	45 Kipling Stn	N/A
45_1_45BCon	45 Kipling 	Kipling Stn	Carlingview Drive	45B Carlingview	via Belfield Road
45_0_45ECon	45 Kipling	Steeles 	Kipling Stn	45E Kipling Stn	Express
45_1_45ECon	45 Kipling	Kipling Stn	Steeles	45E Steeles	Express
45_0_45Econ	45 Kipling	Steeles	Kipling Stn	45E Kipling Stn	Express
45_1_45Econ	45 Kipling 	Kipling Stn	Steeles	45E Steeles	Express
46_0_46	46 Martin Grove	Steeles	Kipling Stn	46 Kipling Stn	N/A
46_1_46	46 Martin Grove	Kipling Stn	Steeles	46 Steeles 	N/A
46_0_46con	46 Martin Grove	Steeles	Kipling Stn	46 Kipling Stn	N/A
46_1_46con	46 Martin Grove	Kipling Stn	Steeles	46 Steeles 	N/A
46_0_NTKP	46 Martin Grove	Martin Grove/Nottinghill Gate	Kipling Stn	46 Kipling Stn	N/A
47_0_47A	47 Lansdowne	St. Clair Avenue West	Queen Street	47A Queen	bypassing Bloor Street
47_1_47A	47 Lansdowne	Queen Street	St. Clair Avenue West	47A St. Clair	bypassing Bloor Street
47_0_47B	47 Lansdowne	Yorkdale Stn	Queen Street	47B Queen	via Bridgeland bypassing Bloor Street
47_1_47B	47 Lansdowne	Queen Street	Yorkdale Stn	47B Yorkdale Stn	via Bridgeland bypassing Bloor Street
47_0_47BCons	47 Lansdowne	Yorkdale Stn	Queen Street	47B Queen	via Bridgeland bypassing Bloor Street
47_1_47BCons	47 Lansdowne	Queen Street	Yorkdale Stn	47B Yorkdale Stn	via Bridgeland bypassing Bloor Street
47_0_47C	47 Lansdowne	Yorkdale Stn	Queen Street	47C Queen	via Orfus bypassing Bloor Street
47_1_47C	47 Lansdowne	Queen Street 	Yorkdale Stn	47C Yorkdale Stn	via Orfus bypassing Bloor Street
47_0_47ASun	47 Lansdowne	Earlscourt Loop	Queen Street	47A Queen	Stopping at Bloor Street
47_1_47ASun	47 Lansdowne	Queen Street	Earlscourt Loop	47A Queen	Stopping at Bloor Street
48_0_48	48 Rathburn	Mill Rd/Rathburn Loop	Royal York Stn	48 Royal York Stn	N/A
48_1_48	48 Rathburn	Royal York Stn	Mill Rd/Rathburn Loop	48 Mill Rd	N/A
48_0_MMRY	48 Rathburn	Silverthrone C. I	Royal York Stn	48 Royal York Stn	School Trip
49_0_49	49 Bloor West	Markland Dr/Mill Rd	Kipling Stn	49 Kipling Stn	N/A
49_1_49	49 Bloor West	Kipling Stn	Markland Dr/Mill Rd	49 Markland Wood	N/A
50_0_50	50 Burnhamthrope 	Mill Rd/Burnhamthrope	Islington Stn	50 Islington Stn	N/A
50_1_50	50 Burnhamthrope 	Islington Stn	Mill Rd/Burnhamthrope	50 Mill Rd Loop	N/A
50_0_MMIS	50 Burnhamthrope 	Silverthrone C. I	Islington Stn	50 Islington Stn	School Trip
51_0_51	51 Leslie	Freshmeadow Dr/Don Mills (Steeles)	Eglinton Stn	51 Eglinton Stn	N/A
51_1_51	51 Leslie 	Eglinton Stn	Freshmeadow Dr/Don Mills (Steeles)	51 Steeles	N/A
52_0_52A	52 Lawrence West 	Pearson Airport (Terminal 3)	Lawrence Stn	52 Lawrence Stn	via Lawrence West Stn
52_1_52A	52 Lawrence West 	Lawrence Stn	Pearson Airport (Terminal 3)	52A Pearson Airport	via Lawrence West Stn
52_0_52B	52 Lawrence West 	Westwood Mall	Lawrence Stn	52 Lawrence Stn	via Lawrence West Stn
52_1_52B	52 Lawrence West 	Lawrence Stn	Westwood Mall	52B Westwood	via Lawrence West Stn
52_0_52D	52 Lawrence West 	Victory Cres/McNaughton	Lawrence Stn	52 Lawrence Stn	via Lawrence West Stn
52_1_52D	52 Lawrence West 	Lawrence Stn	Victory Cres/McNaughton	52D McNaughton 	via Lawrence West Stn
52_0_52F	52 Lawrence West	Royal York Rd	Lawrence Stn	52 Lawrence Stn	via Lawrence West Stn
52_1_52F	52 Lawrence West	Lawrence Stn	Royal York Rd	52F Royal York	via Lawrence West Stn
52_0_52G	52 Lawrence West 	Martin Grove/Tollington	Lawrence West Stn	52G Lawrence West Stn	N/A
52_1_52G	52 Lawrence West	Lawrence Stn	Martin Grove/Tollington	52G Martin Grove	N/A
52_0_52Gcon	52 Lawrence West 	Martin Grove/Tollington	Lawrence Stn	52 Lawrence Stn	N/A
52_1_52Gcon	52 Lawrence West	Lawrence Stn	Martin Grove/Tollington	52G Martin Grove	N/A
52_1_ba52B	52 Lawrence West 	Bathurst Street	Westwood Mall	52 Westwood	bypassing Lawrence West Stn
52_1_yg52D	52 Lawrence West	Lorindale Ave (Yonge St)	McNaughton 	52D McNaughton 	bypassing Lawrence West Stn
52_0_TOLS	52 Lawrence West 	Martin Grove/Tollington	Lawrence Stn	52 Lawrence Stn	via Lawrence West stn
52_0_WELS	52 Lawrence West	Weston Rd	Lawrence Stn	52 Lawrence Stn	via Lawrence West stn
52_1_WELS	52 Lawrence West	Lawrence Stn	Weston Rd	52S Weston Rd	via Lawrence West stn
52_0_WMT3	52 Lawrence West	Westwood Mall	Pearson Airport (Terminal 3)	52 Lawrence Stn	then continues as 52A
53_0_53A	53 Steeles East	Finch Stn	Staines	53A Staines	N/A
53_1_53A	53 Steeles East	Staines	Finch Stn	53 Finch Stn	N/A
53_0_53B	53 Steeles East	Finch Stn	Markham Road	53B Markham Rd	N/A
53_1_53B	53 Steeles East	Markham Road	Finch Stn	53 Finch Stn	N/A
53_0_53Bpm	53 Steeles East	Finch Stn	Markham Road	53B Markham Rd	N/A
53_1_53Bpm	53 Steeles East	Markham Road	Finch Stn	53 Finch Stn	N/A
53_0_53E	53 Steeles East	Finch Stn	Markham Road	53E Markham Rd	Express
53_1_53E	53 Steeles East	Markham Road	Finch Stn	53E Finch Stn	Express
53_0_53Epm	53 Steeles East	Finch Stn	Markham Road	53E Markham Rd	Express
53_1_53Epm	53 Steeles East	Markham Road	Finch Stn	53E Finch Stn	Express
53_0_53F	53 Steeles East	Finch Stn	Staines	53F Staines	Express
53_1_53F	53 Steeles East	Staines	Finch Stn	53F Finch Stn	Express
53_0_53Epm	53 Steeles East	Finch Stn	Markham Road	53E Markham Rd	Express
53_1_53Epm	53 Steeles East	Markham Road	Finch Stn	53E Finch Stn	Express
53_0_53Fpm	53 Steeles East	Finch Stn	Staines	53F Staines	Express
53_1_53Fpm	53 Steeles East	Staines	Finch Stn	53F Finch Stn	Express 
53_1_SYON	53 Steeles East	Steeles/Yonge Loop	Markham Road	53E Markham Rd 	Express
54_0_54A	54 Lawrence East	Eglinton Stn	Starspray Blvd	54A Starspray Blvd	via Lawrence East Stn
54_1_54A	54 Lawrence East	Starspray Blvd	Eglinton Stn	54 Eglinton Stn	via Lawrence East Stn
54_0_54B	54 Lawrence East	Eglinton Stn	Orton Park/Brimorton	54B Orton Park	Before 3pm, clockwise looping/via Lawrence East Stn
54_1_54B	54 Lawrence East	Orton Park/Brimorton	Eglinton Stn	54 Eglinton Stn	Before 3pm, clockwise looping/via Lawrence East Stn
54_0_54Bpm	54 Lawrence East	Eglinton Stn	Scarborough Golf Club Rd/Lawrence 	54B Orton Park	After 3pm, clockwise looping/via Lawrence East Stn
54_1_54Bpm	54 Lawrence East	Scarborough Golf Club Rd/Lawrence 	Eglinton Stn	54 Eglinton Stn	After 3pm, clockwise looping/via Lawrence East Stn
54_0_54E	54 Lawrence East	Lawrence East Stn	Starspray Blvd	54E Starspray Blvd	Express via Rushley Dr/Replace by 954 Lawrence East Express
54_1_54E	54 Lawrence East	Starspray Blvd	Lawrence East Stn	54E Lawrence East Stn	Express via Rushley Dr/Replace by 954 Lawrence East Express
54_0_54Epm	54 Lawrence East	Lawrence East Stn	Starspray Blvd	54E Starspray Blvd	Express bypassing Rushley Dr/Replace by 954 Lawrence East Express
54_1_54Epm	54 Lawrence East	Starspray Blvd	Lawrence East Stn	54E Lawrence East Stn	Express bypassing Rushley Dr/Replace by 954 Lawrence East Express
54_1_OTBR	54 Lawrence East	Orton Park/Lawrence 	Scarborough Golf Club/Lawrence 	54B Orton Park	last trip
54_1_STRH	54 Lawrence East	Starspray Blvd	East Avenue (Rouge Hill GO)	54 Eglinton Stn	N/A
54_1_RH54	54 Lawrence East	East Avenue (Rouge Hill GO)	Eglinton Stn	54 Eglinton Stn	N/A
55_0_55	55 Warren Park	Underwood Ave/Varsity Rd	Jane Stn	55 Jane Stn	N/A
55_1_55	55 Warren Park	Jane Stn	Underwood Ave/Varsity Rd	55 Warren Park	N/A
55_0_VAOL	55 Warren Park	Underwood Ave/Varsity Rd	Humber Hill	55 Warren Park	last trip
56_0_56A	56 Leaside	Eglinton Stn	Donlands Stn	56 Donlands Stn	N/A
56_1_56A	56 Leaside	Donlands Stn	Eglinton Stn	56A Eglinton Stn	N/A
56_0_56B	56 Leaside	Brentcliffe/Eglinton 	Donlands Stn	56 Donlands Stn	N/A
56_1_56B	56 Leaside	Donlands Stn	Brentcliffe/Eglinton 	56B Eglinton 	N/A
57_0_57	57 Midland 	Steeles	Kennedy Stn	57 Kennedy Stn	N/A
57_1_57	57 Midland 	Kennedy Stn	Steeles	57 Steeles	N/A
59_0_59A/Ccon	59 Maple Leaf	Oak St/Weston Rd	Lawrence Stn	59 Lawrence Stn	via Culford and Benton 
59_1_59A/Ccon	59 Maple Leaf	Lawrence Stn	Oak St/Weston Rd	59A Weston Rd	via Benton, Culford and Gary
59_0_59B/Ccon	59 Maple Leaf	Weston Rd	Lawrence Stn	59 Lawrence Stn	via Culford and Benton
59_1_59B/Ccon	59 Maple Leaf	Lawrence Stn	Weston Rd	59B Weston Rd	via Culford, Benton and Church
59_0_59Bch	59 Maple Leaf	Weston Rd	Jane St	59B Weston Rd	Last trip
60_0_60A	60 Steeles West	Pioneer Village Stn	Finch Stn	60 Finch Stn	N/A
60_1_60A	60 Steeles West	Finch Stn	Pioneer Village Stn	60A Pioneer Village Stn	N/A
60_0_60B	60 Steeles West	Martin Grove Road	Finch Stn	60 Finch Stn	via Pioneer Village Stn
60_1_60B	60 Steeles West	Finch Stn	Martin Grove Road	60B Martin Grove	via Pioneer Village Stn
60_0_60D	60 Steeles West	Highway 27	Finch Stn	60 Finch Stn	via Pioneer Village Stn
60_1_60D	60 Steeles West	Finch Stn	Highway 27	60D Highway 27	via Pioneer Village Stn
60_0_60E	60 Steeles West	Pionner Village Stn	Finch Stn	60E Finch Stn	Express/Replace by 960 Steeles West Express
60_1_60E	60 Steeles West	Finch Stn	Pioneer Village Stn	60E Pionner Village Stn	Express/Replace by 960 Steeles West Express
61_0_61	61 Avenue Road North	Bombay Loop	Eglinton Stn	61 Eglinton Stn	N/A
61_1_61	61 Avenue Road North	Eglinton Stn	Bombay Loop	61 Highway 401	N/A
62_0_62	62 Mortimer 	Broadview Stn	Main Street Stn	62 Main Street Stn	N/A
62_1_62	62 Mortimer 	Main Street Stn	Broadview Stn	62 Broadview Stn 	N/A
63_0_63A	63 Ossington 	Eglinton West Stn	Alantic Ave/King St	63 Liberty Village	via Ossington Stn
63_1_63A	63 Ossington 	Alantic Ave/King St	Eglinton West Stn	63A Eglinton West Stn	via Ossington Stn
63_0_63B	63 Ossington 	St Clair Avenue West	Alantic Ave/King St	63 Liberty Village	via Ossington Stn
63_1_63B	63 Ossington	Alantic Ave/King St	St Clair Avenue West	63B St Clair	via Ossington Stn
63_0_63Apm	63 Ossington 	Eglinton West Stn	Alantic Ave/King St	63 Liberty Village	via Ossington Stn
63_1_63Apm	63 Ossington 	Alantic Ave/King St	Eglinton West Stn	63A Eglinton West Stn	via Ossington Stn
63_0_63AamSun	63 Ossington 	Eglinton West Stn	King St/Atlantic Av	63 Liberty Village	bypass Ossington Stn
63_1_63AamSun	63 Ossington 	King St/Atlantic Av	Eglinton West Stn	63A Eglinton West Stn	bypass Ossington Stn
61_1_LBKI	63 Ossington 	King St/Atlantic Av	King St/Shaw St	63S Short Turn	Last Trip before 363
64_0_64	64 Main	Queen Street	Main Street Stn	64 Main Street Stn	N/A
64_1_64	64 Main	Main Street Stn	Queen Street	64 Queen	N/A
65_0_65	65 Parliament	The Esplanade	Castle Frank Stn	65 Castle Frank Stn	N/A
65_1_65	65 Parliament	Castle Frank Stn	The Esplanade	65 Esplanade	N/A
66_0_66A	66 Prince Edward	Humber Loop	Old Mill Stn	66 Old Mill Stn	N/A
66_1_66A	66 Prince Edward	Old Mill Stn	Humber Loop	66A Humber Loop	N/A
66_0_66B	66 Prince Edward	Lake Shore 	Old Mill Stn	66 Old Mill Stn	N/A
66_1_66B	66 Prince Edward	Old Mill Stn	Lake Shore	66B Lake Shore	N/A
67_0_67A	67 Pharmacy 	Penworth Rd/Crossland Dr	Victoria Park Stn	67 Victoria Park Stn	N/A
67_1_67A	67 Pharmacy 	Victoria Park Stn	Penworth Rd/Crossland Dr	67A Ellesmere 	N/A
67_0_67B	67 Pharmacy	Craigton Dr/Rannock St	Victoria Park Stn	67 Victoria Park Stn	N/A
67_1_67B	67 Pharmacy	Victoria Park Stn	Craigton Dr/Rannock St	67B Eglinton	N/A
67_1_DA67	67 Pharmacy 	Danforth/Victoria Park	Penworth Rd/Crossland Dr	67 Ellesmere 	bypass Victoria Park Stn
68_0_68A	68 Warden	Steeles/Warden Loop	Warden Stn	68 Warden Stn	N/A
68_1_68A	68 Warden	Warden Stn	Steeles/Warden Loop	68A Steeles	N/A
68_0_68B	68 Warden	Angus Glen Community Centre	Warden Stn	68 Warden Stn	N/A
68_1_68B	68 Warden	Warden Stn	Angus Glen Community Centre	68B Major Mackenzie	Extra Fare Required North of Steeles
68_0_68Adaly	68 Warden	Steeles/Warden Loop	Danforth Rd	68 Danforth?	N/A
68_1_68Adaly	68 Warden	Danforth Rd	Steeles/Warden Loop	68A Steeles	N/A
68_1_wd68B	68 Warden	Danforth Rd	Angus Glen Community Centre	68B Major Mackenzie	bypass Warden Stn
69_0_69A	69 Warden South	Kingston Road	Warden Stn	69A Warden Stn	N/A
69_1_69A	69 Warden South	Warden Stn	Kingston Road	69A Kingston Road	via Warden
69_0_69b	69 Warden South	Warden Stn	Kingston Road	69B Kingston Road	via Birchmount
69_1_69b	69 Warden South	Kingston Road	Warden Stn	69B Warden Stn	N/A
69_1_KRWD	69 Warden South	Kingston Road	Warden/Danforth 	69S Danforth	N/A
70_0_70A	70 O'Connor	Craigton/Pharmacy 	Coxwell Stn	70 Coxwell Stn	N/A
70_1_70A	70 O'Connor	Coxwell Stn	Craigton/Pharmacy 	70A Eglinton 	N/A
70_0_70B	70 O'Connor	Victoria Park/Oconnor Drive	Coxwell Stn	70 Coxwell Stn	N/A
70_1_70B	70 O'Connor	Coxwell Stn	Victoria Park/Oconnor Drive	70B Victoria Park	N/A
70_0_70C	70 O'Connor	Warden Stn	Coxwell Stn	70C Coxwell Stn	N/A
70_1_70C	70 O'Connor	Coxwell Stn	Warden Stn	70 Warden Stn	N/A
71_0_71A	71 Runnymede	Gunns Loop	Runnymede Stn	71 Runnymede Stn	N/A
71_1_71A	71 Runnymede	Runnymede Stn	Gunns Loop	71A Gunns Loop	N/A
71_0_71B	71 Runnymede	Mount Dennis Garage	Runnymede Stn	71 Runnymede Stn	N/A
71_1_71B	71 Runnymede	Runnymede Stn	Mount Dennis Garage	71B Industry St	N/A
72_0_72A	72 Pape 	Pape Stn	Eastern	72A Eastern	N/A
72_1_72A	72 Pape	Eastern	Pape Stn	72 Pape Stn	via Queen's Quay and Commissioners
72_0_72B	72 Pape	Pape Stn	Front St (Union Stn) 	72B Union Stn	via Commissioners and Queen's Quay
72_1_72B	72 Pape	Front St (Union Stn) 	Pape Stn	72 Pape Stn	N/A
72_0_72C	72 Pape	Comissioners	Pape Stn	72 Pape Stn	N/A
72_1_72C	72 Pape 	Pape Stn	Commissioners	72C Comissioners	N/A
72_0_72B_pk	72 Pape	Pape Stn	Commissioners / Cherry St	72B Commissioners	N/A
73_0_73B	73 Royal York South	Eglinton & La Rose	Royal York Stn	73 Royal York Stn	N/A
73_1_73B	73 Royal York South	Royal York Stn	Eglinton & La Rose	73B Eglinton and La Rose	N/A
73_0_73Cp	73 Royal York South	Claireport Crescent	Royal York Stn	73 Royal York Stn	N/A
73_1_73Cp	73 Royal York South	Royal York Stn	Claireport Crescent	73C Claireport	via Albion Road
73_0_73D	73 Royal York South	Knob Hill & Oak	Royal York Stn	73 Royal York Stn	N/A
73_1_73D	73 Royal York South 	Royal York Stn	Knob Hill & Oak	73D Knob Hill and Oak	N/A
74_0_74	74 Mount Pleasant	Doncliffe	St Clair Stn	74A St Clair Stn	N/A
74_1_74	74 Mount Pleasant 	St Clair Stn	Doncliffe	74A Doncliffe	N/A
75_0_75	75 Sherbourne 	South Drive	Queen's Quay	75 Queen's Quay	N/A
75_1_75	75 Sherbourne	Queen's Quay	South Drive	75 South Drive	N/A
75_0_75A	75 Sherbourne	South Drive and Summerhill	Queen's Quay	75A Queen's Quay	N/A
75_1_75A	75 Sherbourne	Queen's Quay	South Drive and Summerhill	75A South Dr/Summerhill	N/A
75_0_bl75	75 Sherbourne 	Bloor/Sherbourne 	Lower Jarvis/Queens Quay	75 Queen's Quay	N/A
76_0_76A	76 Royal York	Bloor/Royal York Rd	Lake Shore/Mimico	76A Lake Shore	N/A
76_1_76A	76 Royal York	Lake Shore/Mimico	Bloor/Royal York Rd	76 Royal York Stn	N/A
76_0_76B	76 Royal York	Bloor/Royal York Rd	Royal York/Portland	76B Queensway and Grande Avenue	N/A
76_1_76B	76 Royal York	Royal York/Portland	Bloor/Royal York Rd	76 Royal York Stn	N/A
76_0_76C	76 Royal York	Bloor/Royal York Rd	Queensway	76C Queensway	N/A
76_1_76C	76 Royal York 	Queensway	Bloor/Royal York Rd	76 Royal York Stn	N/A
76_0_76D	76 Royal York 	Bloor/Royal York Rd	Evans Avenue	76D Evans	N/A
76_1_76D	76 Royal York	Evans Avenue	Bloor/Royal York Rd	76 Royal York Stn	N/A
77_0_77	77 Swansea	Queensway	Runnymede Stn	77 Runnymede Stn	N/A
77_1_77	77 Swansea	Runnymede Stn	Queensway	77 Queensway	N/A
77_1_77RB	77 Swansea	Queensway	Bloor St/Runnymede 	77S Bloor St	Last Trip before 300
78_0_78	78 St. Andrews	York Mills Stn	Fifeshire Rd (Bayview) 	78 Bayview	N/A
78_1_78	78 St. Andrews	Fifeshire Rd (Bayview) 	York Mills Stn 	78 York Mills	N/A
79_0_79A	79 Scarlett Rd	Pine St/Lawrence 	Runnymede Stn	79 Runnymede Stn	via Foxwell/Pritchard
79_1_79A	79 Scarlett Rd	Runnymede Station 	Pine St/Lawrence 	79A Lawrence & Jane	via Pritchard/Foxwell
79_0_79B	79 Scarlett Rd	Pine St/Lawrence 	Runnymede Stn	79 Runnymede Stn	via St Clair
79_1_79B	79 Scarlett Rd	Runnymede Stn 	Pine St/Lawrence 	79B Lawrence & Jane	via St Clair
79_0_PILW	79 Scarlett Rd	Pine St/Lawrence Ave West	Lawrence Ave East/Jane	79 Short Turn	Last Trip?
80_0_80A	80 Queensway	Sherway	Keele Stn	80 Keele Stn	via Parkside Dr
80_1_80A	80 Queensway	Keele Stn	Sherway	80A Sherway	N/A
80_0_80B	80 Queensway	Humber Loop	Keele Stn	80 Keele Stn	N/A
80_1_80B	80 Queensway	Keele Stn	Humber Loop	80B Humber Loop	N/A
81_0_81	81 Thorncliffe Park	Thorncliffe	Pape Stn	81 Pape Stn	N/A
81_1_81	81 Thorncliffe Park	Pape Stn	Thorncliffe	81 Thorncliffe	N/A
81_0_81*	81 Thorncliffe Park	Thorncliffe	Pape Stn	81 Pape Stn	N/A
81_1_81*	81 Thorncliffe Park	Pape Stn	Thorncliffe	81 Thorncliffe	N/A
81_0_DSTH	81 Thorncliffe Park	65 Thorncliffe Park	Overlea/Thorncliffe Park	81 Thorncliffe 	N/A
81_1_THDS	81 Thorncliffe Park	Overlea/Thorncliffe Blvd	65 Thorncliffe Park	81 Thorncliffe Park	N/A
82_0_82	82 Rosedale 	Summerhill/Maclennan	Rosedale Stn	82 Rosedale Stn 	N/A
82_1_82	82 Rosedale 	Rosedale Stn	Summerhill/Maclennan	82 Summerhill	N/A
83_0_83	83 Jones	Commissioners	Donlands Stn	83 Donlands Stn	N/A
83_1_83	83 Jones	Donlands Stn	Commissioners	83 Commissioners	N/A
84_0_84A	84 Sheppard West	Weston Road	Sheppard-Yonge Stn	84 Sheppard-Yonge Stn	via Sheppard West Stn
84_1_84A	84 Sheppard West	Sheppard-Yonge Stn	Weston Road	84A Weston Rd	via Sheppard West Stn
84_0_84C	84 Sheppard West 	Steeles	Sheppard-Yonge Stn	84 Sheppard-Yonge Stn	via Arrow Rd
84_1_84C	84 Sheppard West	Sheppard-Yonge Stn	Steeles 	84C Steeles	via Arrow Rd
84_0_84Ca	84 Sheppard West	Steeles 	Sheppard-Yonge Stn	84 Sheppard-Yonge Stn	N/A
84_1_84Ca	84 Sheppard West	Sheppard-Yonge Stn	Steeles	84C Steeles	N/A
84_0_84D	84 Sheppard West	Pionner Village Stn	Sheppard-Yonge Stn	84D Sheppard-Yonge Stn	via Oakdale
84_1_84D	84 Sheppard West	Sheppard-Yonge Stn	Pionner Village Stn	84D Pionner Village Stn	via Oakdale
84_0_84E	84 Sheppard West	Sheppard West Stn	Sheppard-Yonge Stn	84E Sheppard-Yonge Stn	Express/Replace by 984 Sheppard West Express
84_1_84E	84 Sheppard West	Sheppard-Yonge Stn	Sheppard West Stn	84E Sheppard West Stn	Express/Replace by 984 Sheppard West Express
84_1_FASR	84 Sheppard West	Finch Av/Signet Dr	Rossdean/Steeles	84 Sheppard-Yonge Stn	N/A
84_0_WERI	84 Sheppard West 	Bradstock Rd/Weston Rd	Sheppard Ave West/Abraham Welsh Rd	84 Short Turn	Last Trip? 
84_0_sa84	84 Sheppard West 	Sheppard Ave West/Arrow Rd	Sheppard-Yonge Stn	84 Sheppard-Yonge Stn	N/A
84_1_84sa	84 Sheppard West	Sheppard-Yonge Stn	Sheppard Ave West/Arrow Rd	84S Sheppard	N/A
84_0_ba84	84 Sheppard West	St Basil The Great College School 	Sheppard-Yonge Stn	84 Sheppard-Yonge Stn	School Trip
84_1_SRFE	84 Sheppard West	Rossdean Dr/Steeles 	24 Fenmar Drive 	84S Short Turn	Last Trip? 
85_0_85A	85 Sheppard East	Don Mills Stn	Rouge Hill GO Stn	85A Rouge Hill Go Stn	N/A
85_0_85B	85 Sheppard East	Don Mills Stn	Toronto Zoo	85B Toronto Zoo	N/A
85_0_85C	85 Sheppard East	Don Mills Stn	Meadowvale Loop	85 Meadowvale	N/A
85_0_85D	85 Sheppard East	Don Mills Stn	Rouge Hill GO Stn	85D Rouge Hill GO Stn	via Toronto Zoo
85_0_85F	85 Sheppard East	Don Mills Stn	Toronto Zoo	85F Toronto Zoo	N/A
85_0_85Gd	85 Sheppard East	Sheppard-Yonge Stn	Meadowvale Loop	85 Meadowvale	bypasses Don Mills Stn
85_0_85H	85 Sheppard East	Sheppard-Yonge Stn	Rouge Hill GO Stn	85A Rouge Hill GO Stn	via Don Mills Stn and Toronto Zoo
85_0_85J	85 Sheppard East	Sheppard-Yonge Stn	Don Mills Stn	85A Don Mills Stn	Does not connect with Route 85A Sheppard East to Rouge Hill GO Stn
85_1_sld85	85 Sheppard East	Meadowvale Loop	Sheppard Yonge Stn	85 Sheppard-Yonge Stn	bypasses Don Mills Stn
85_1_85J	85 Sheppard East	Don Mills Stn	Sheppard-Yonge Stn	85 Sheppard-Yonge Stn	N/A
85_1_85A	85 Sheppard East	Rouge Hill Go Stn	Don Mills Stn	85A Don Mills Stn	Does not connect with Route 85 Sheppard East to Sheppard-Yonge Stn
85_1_85B	85 Sheppard East	Toronto Zoo	Don Mills Stn	85A Don Mills Stn	N/A
85_1_85C	85 Sheppard East	Meadowvale Loop	Don Mills Stn	85A Don Mills Stn	N/A
85_1_85D	85 Sheppard East	Rouge Hill Go Stn	Don Mills Stn	85D Don Mills Stn	via Toronto Zoo
85_1_85F	85 Sheppard East	Toronto Zoo	Don Mills Stn	85F Don Mills Stn	N/A
86_0_86A	86 Scarborough 	Kennedy Stn	Toronto Zoo	86A Toronto Zoo	N/A
86_1_86A	86 Scarborough 	Toronto Zoo	Kennedy Stn	86 Kennedy Stn	N/A
86_0_86B	86 Scarborough 	Kennedy Stn	Highland Creek	86B Highland Creek	N/A
86_1_86B	86 Scarborough 	Highland Creek	Kennedy Stn	86 Kennedy Stn	N/A
86_0_86C	86 Scarborough 	Kennedy Stn	Meadowvale/Sheppard	86C Sheppard	N/A
86_1_86C	86 Scarborough 	Meadowvale/Sheppard	Kennedy Stn	86 Kennedy Stn	N/A
86_0_86D	86 Scarborough 	Kennedy Stn	Beechgrove/Coronation	86D Beechgrove	via Lawrence
86_1_86D	86 Scarborough 	Beechgrove/Coronation	Kennedy Stn	86 Kennedy Stn	N/A
86_0_86E	86 Scarborough 	Kennedy Stn	Meadowvale/Sheppard	86E Sheppard	Express
86_1_86E	86 Scarborough 	Meadowvale/Sheppard	Kennedy Stn	86E Kennedy Stn	Express
86_0_MACO	86 Scarborough 	Manse/Lawrence 	Coronation/Wallsend Dr	86D Beechgrove 	N/A
86_0_CNKG	86 Scarborough	St Theresa SS	Lawrence Avenue East	86S Lawrence	School Trip
86_0_kn86	86 Scarborough	Eglinton/Kennedy	Meadowvale Loop	86C Sheppard 	First trip/Bypasses Kennedy Stn
87_0_87A	87 Cosburn	Broadview Stn	Main Street Stn	87A Main Street Stn	via East York Acres
87_1_87A	87 Cosburn	Main Street Stn	Broadview Stn	87A Broadview Stn	via East York Acres
87_0_87C	87 Cosburn	Broadview Stn	Main Street Stn	87C Main Street Stn	bypass East York Acres
87_1_87C	87 Cosburn	Main Street Stn	Broadview Stn	87C Broadview Stn	bypass East York Acres
88_0_88A	88 South Leaside	St Clair Stn	Beth Nealson/Wicksteed	88A Thorncliffe	via Overlea
88_1_88A	88 South Leaside	Beth Nealson/Wicksteed	St Clair Stn	88 St Clair Stn	via Wicksteed
88_0_88B	88 South Leaside	St Clair Stn	Beth Nealson/Wicksteed	88B Thorncliffe	via Wicksteed
88_1_88B	88 South Leaside	Beth Nealson/Wicksteed	St Clair Stn	88 St Clair Stn	via Overlea
88_0_unknown	88 South Leaside	Mcrae Dr at Laird Dr	Beth Nealson/Wicksteed	88 St Clair Stn	via Wicksteed
88_0_unknown	88 South Leaside	Mcrae Dr at Laird Dr	Beth Nealson/Wicksteed	88 St Clair Stn	via Overlea
88_1_88B	88 South Leaside	Beth Nealson/Wicksteed	Shoppers Drug Mart	88B Thorncliffe	last trip
89_0_89	89 Weston	Albion Road	Keele Stn	89 Keele Stn	N/A
89_1_89	89 Weston	Keele Stn	Albion Road	89 Albion 	N/A
89_0_89sch	89 Weston	St Basil The Great College School	Keele Stn	89 Keele Stn	School Trip
90_0_90A	90 Vaughan	Oakwood 	St Clair Stn	90 St Clair Stn	N/A
90_1_90A	90 Vaughan	St Clair Stn	Oakwood 	90A Oakwood 	N/A
91_0_91B	91 Woodbine	Eglinton Avenue East	Woodbine Stn	91B Woodbine Stn	N/A
91_1_91B	91 Woodbine	Woodbine Stn	Eglinton Avenue East	91B Eglinton	N/A
91_0_91C	91 Woodbine	York Mills Road	Woodbine Stn	91C Woodbine Stn	N/A
91_1_91C	91 Woodbine	Woodbine Stn	York Mills Road	91C York Mills	N/A
91_0_91Cam	91 Woodbine	York Mills Road	Woodbine Stn	91C Woodbine Stn	N/A
91_1_91Cam	91 Woodbine	Woodbine Stn	York Mills Road	91C York Mills	N/A
91_0_91Cpm	91 Woodbine	York Mills Road	Woodbine Stn	91C Woodbine Stn	N/A
91_1_91Cpm	91 Woodbine	Woodbine Stn	York Mills Road	91C York Mills	N/A
91_0_91Dam	91 Woodbine	York Mills Road	Woodbine Stn	91D Woodbine Stn	via Railside
91_1_91Dam	91 Woodbine	Woodbine Stn	York Mills Road	91D York Mills	via Railside
91_0_91Dpm	91 Woodbine	York Mills Road	Woodbine Stn	91D Woodbine Stn	via Railside
91_1_91Dpm	91 Woodbine	Woodbine Stn	York Mills Road	91D York Mills	via Railside
91_1_CAYV	91 Woodbine 	Underhill Drive/Beveridge Dr	Valley Woods/York Mills	91 York Mills	N/A
92_0_92	92 Woodbine South	Woodbine Stn	Ashbridge's Bay Loop	92 Lakeshore	N/A
92_1_92	92 Woodbine South	Ashbridge's Bay Loop	Woodbine Stn	92 Woodbine Stn	N/A
93_0_93	93 Parkview Hills	Parkview Hill/Aspen Ave 	Woodbine Stn	93 Woodbine Stn	N/A
93_1_93	93 Parkview Hills	Woodbine Stn	Parkview Hill/Aspen Ave 	93 Parkview Hills	N/A
94_0_94A	94 Wellesley	Ossington Stn	Castle Frank Stn	94A Castle Frank Stn	N/A
94_1_94A	94 Wellesley	Castle Frank Stn	Ossington Stn	94A Ossington Stn	N/A
94_0_94C	94 Wellesley	Queen's Park	Ossington Stn	94C Ossington Stn	via Wellesley Stn
94_1_94C	94 Wellesley	Ossington Stn	Queen's Park	94C Queen's Park	via Wellesley Stn
95_0_95A	95 York Mills	York Mills Stn	Kingston Road	95A Kingston Rd	N/A
95_1_95A	95 York Mills	Kingston Road	York Mills Stn	95 York Mills Stn	N/A
95_0_95B	95 York Mills	York Mills Stn	U of T Scarborough	95B U of T Scarborough	N/A
95_1_95B	95 York Mills 	U of T Scarborough	York Mills Stn	95 York Mills Stn	N/A
95_0_95C	95 York Mills	York Mills Stn	Ellesmere Stn	95C Ellesmere Stn	Rush Hour only
95_1_95C	95 York Mills	Ellesmere Stn	York Mills Stn	95 York Mills Stn	Rush Hour only
95_0_95E	95 York Mills 	York Mills Stn	U of T Scarborough	95E U of T Scarborough	Express
95_1_95E	95 York Mills 	U of T Scarborough	York Mills Stn	95E York Mills Stn	Express
96_0_96	96 Wilson	Carrier Drive/Westmore 	York Mills Stn	96D York Mills Stn	via John Garland and Kipling
96_0_96A	96 Wilson 	Carrier Drive	York Mills Stn 	96A York Mills Stn	via Kipling and John Garland
96_1_96A	96 Wilson	York Mills Stn	Carrier Drive	96A Carrier Drive	via Kipling and John Garland
96_0_96B	96 Wilson	Humberline/Albion	York Mills Stn	96B York Mills Stn	N/A
96_1_96B	96 Wilson	York Mills Stn	Humberline/Albion	96B Humberline/Albion	N/A
96_1_wi96B	96 Wilson	York Mills Stn	Humberline/Albion	96B Humberline/Albion	bypass Wilson Stn
96_0_96Bp	96 Wilson	Humberline/Albion	York Mills Stn	96B York Mills Stn	via Martin Grove and Westhumber
96_0_96D	96 Wilson	Carrier Drive/Westmore 	York Mills Stn	96D York Mills Stn	via John Garland and Kipling
96_1_96D	96 Wilson	York Mills Stn	Carrier Drive/Westmore 	96D Carrier Dr/Westmore 	via John Garland and Kipling
96_1_MDJA	96 Wilson	Wilson/Dubray Ave	Jane/Wilson 	96S Short Turn	N/A
97_0_97A	97 Yonge	York Mills Stn	Davisville Stn	97A Davisville Stn	via Yonge Blvd
97_1_97A	97 Yonge	Davisville Stn	York Mills Stn	97A York Mills Stn	via Yonge Blvd
97_0_97B	97 Yonge	York Mills Stn	Queen's Quay	97B Queen's Quay	N/A
97_1_97B	97 Yonge	Queen's Quay	York Mills Stn	97B York Mills Stn	N/A
97_1_yk97B	97 Yonge	Queen's Quay	York Mills Stn	97B York Mills Stn	via Yonge Blvd
97_0_yk97BvFRcn	97 Yonge	York Mills Stn	Queen's Quay	97B Queen's Quay	N/A
97_1_yk97BvFR	97 Yonge	Queen's Quay 	York Mills Stn	97B York Mills Stn	N/A
97_0yk97Bcon	97 Yonge	York Mills Stn	Queen's Quay	97B Queen's Quay	N/A
97_0_97Ccon	97 Yonge	Steeles 	Lawrence Stn	97C Lawrence Stn	N/A
97_1_97Ccon	97 Yonge	Lawrence Stn	Steeles 	97C Steeles	N/A
97_0_97C	97 Yonge	Steeles	Lawrence Stn	97 Lawrence Stn	N/A
97_1_97C	97 Yonge 	Lawrence Stn	Steeles	97C Steeles	N/A
97_0_97D	97 Yonge	St Clair Stn	Sheppard-Yonge Stn	97D Sheppard-Yonge Stn	N/A
97_1_97D	97 Yonge	Sheppard-Yonge Stn	St Clair Stn	97D St Clair Stn	via Yonge Blvd
97_0_97F	97 Yonge	Steeles 	St Clair Stn	97F St Clair Stn	N/A
97_1_97F	97 Yonge	St Clair Stn	Steeles 	97F Steeles	N/A
98_0_98A	98 Willowdale-Senlac	Peckham Ave/Steeles Loop	Sheppard Yonge Stn	98A Sheppard-Yonge Stn	via Senlac
98_1_98A	98 Willowdale-Senlac	Sheppard Yonge Stn	Peckham Ave/Steeles Loop	98A Steeles 	via Senlac
98_0_98C	98 Willowdale-Senlac	Peckham Ave/Steeles Loop	Steeles 	98C Steeles	via Sheppard-Yonge Stn
98_1_98C	98 Willowdale-Senlac	Steeles	Peckham Ave/Steeles Loop	98C Peckham	via Sheppard-Yonge Stn
98_0_PEGO	98 Willowdale-Senlac	Cactus Ave/Green Bush Rd	Goulding Ave/Cactus Ave	98C Peckham	Last trip
99_0_99	99 Arrow Road 	Jane/Sheppard 	Arrow Road Bus Yard	99 Arrow Road 	N/A
99_1_99	99 Arrow Road 	Arrow Road Bus Yard	Jane/Sheppard 	99 Jane	N/A
100_0_100A	100 Flemingdon Park	Don Mills/Wynford	Broadview Stn	100A Broadview Stn	N/A
100_1_100A	100 Flemingdon Park	Broadview Stn	Don Mills/Wynford	100A Broadview Stn	N/A
101_0_101	101 Downsview Park	Downsview Park	Sheppard West Stn	101 Sheppard West Stn	N/A
101_1_101	101 Downsview Park	Sheppard West Stn	Downsview Park	101 Downsview Park	N/A
102_0_102A	102 Markham Rd	Centennial College	Warden Stn	102 Warden Stn	N/A
102_1_102A	102 Markham Rd	Warden Stn	Centennial College	102A Centennial College	via Progress
102_0_102B	102 Markham Rd	Steeles 	Warden Stn	102 Warden Stn	N/A
102_1_102B	102 Markham Rd	Warden Stn	Steeles 	102B Steeles	N/A
102_0_102Bpm	102 Markham Rd	Steeles	Warden Stn	102 Warden Stn	N/A
102_1_102Bpm	102 Markham Rd	Warden Stn	Steeles	102B Steeles	N/A
102_0_102C	102 Markham Rd	Steeles	Warden Stn	102C Warden Stn	via Dynamic Drive
102_1_102C	102 Markham Rd	Warden Stn	Steeles 	102C Steeles	via Dynamic Drive
102_0_102D	102 Markham Rd	Major Mackenzie	Warden Stn	102 Warden Stn	N/A
102_1_102D	102 Markham Rd 	Warden Stn	Major Mackenzie	102D Major Mackenzie	Extra Fare Required North of Steeles
102_0_MPWA	102 Markham Rd	Sheppard Avenue East	Warden Stn	102 Warden Stn	N/A
102_1_WAMP	102 Markham Rd	Warden Stn	Sheppard Avenue East	102 Sheppard	N/A
104_0_104	104 Faywood 	Sheppard West Stn	Wilson Stn	104 Wilson Stn	N/A
104_1_104	104 Faywood 	Wilson Stn	Sheppard West Stn	104 Sheppard West Stn	N/A
105_0_105A	105 Dufferin North	Steeles	Sheppard West Stn	105A Sheppard West Stn	N/A
105_1_105A	105 Dufferin North	Sheppard West Stn	Steeles 	105A Steeles	N/A
105_1_WIDU	105 Dufferin North	Wilson Stn	Dufferin/Steeles 	105A Steeles 	N/A
106_0_106	106 Sentinel	Pioneer Village Stn	Sheppard West Stn	106 Sheppard West Stn	N/A
106_1_106	106 Sentinel	Sheppard West Stn	Pioneer Village Stn	106 Pioneer Village Stn	N/A
107_0_107	107 St Regis	Pionner Village Stn	Sheppard West Stn	107 Sheppard West Stn	N/A
107_1_107	107 St Regis	Sheppard West Stn	Pioneer Village Stn	107 Pioneer Village Stn	via Petrolia
107_0_107wi	107 St Regis	Pionner Village Stn	Wilson Stn	107 Wilson Stn	N/A
107_1_wi107	107 St Regis	Wilson Stn	Pionner Village Stn	107 Pioneer Village Stn	N/A
108_0_108A	108 Driftwood	Pionner Village Stn	Sheppard West Stn	108A Sheppard West Stn 	via Grandravine
108_1_108A	108 Driftwood	Sheppard West Stn	Pioneer Village Stn	108A Pionner Village Stn	via Grandravine
108_0_108B	108 Driftwood	Pionner Village Stn	Sheppard West Stn	108B Sheppard West Stn	via Arleta
108_1_108B	108 Driftwood	Sheppard West Stn	Pioneer Village Stn	108B Pionner Village Stn	via Arleta
108_0_108C	108 Driftwood	Pionner Village Stn	Wilson Stn	108C Wilson Stn	via Arleta
108_1_108C	108 Driftwood	Wilson Stn	Pionner Village Stn	108C Pionner Village Stn	via Arleta
108_0_PVFI	108 Driftwood	Pioneer Village Stn	Driftwood Ave/Finch Ave	108S Finch	last trip
108_1_STPVc	108 Driftwood	Driftwood/Strong Ave	Pioneer Village Stn	108 Pioneer Village Stn	N/A
109_0_109B	109 Ranee	Neptune Drive	Eglinton West Stn	109B Eglinton West Stn	via Flemington and Marlee
109_1_109B	109 Ranee	Eglinton West Stn 	Neptune Drive	109B Neptune	via Marlee and Flemington
109_0_109C	109 Ranee	Neptune Drive	Eglinton West Stn	109C Eglinton West Stn	via Varna and Marlee
109_1_109C	109 Ranee	Eglinton West Stn 	Neptune Drive	109C Neptune	via Marlee and Varna
110_0_110A	110 Islington South	Long Branch Loop	Islington Stn	110 Islington Stn	via Browns Line and Horner
110_1_110A	110 Islington South	Islington Stn	Long Branch Loop	110A Long Branch 	via Horner and Browns Line
110_0_110B	110 Islington South	Long Branch Loop	Islington Stn	110 Islington Stn	via 30th Street and Horner
110_1_110B	110 Islington South	Islington Stn	Long Branch Loop	110B Long Branch 	via Horner and 30th Street
110_0_110C	110 Islington South	Lake Shore	Islington Stn	110 Islington Stn	via Horner and 30th Street
110_1_110C	110 Islington South	Islington Stn	Lake Shore	110C Lake Shore	N/A
110_0_110Cpm	110 Islington South	Lake Shore	Islington Stn	110 Islington Stn	via Horner and 30th Street
110_1_110Cpm	110 Islington South	Islington Stn	Lake Shore	110 Lake Shore	N/A
111_0_111	111 East Mall	Eglinton Avenue West	Kipling Stn	111 Kipling Stn	N/A
111_1_111	111 East Mall	Kipling Stn	Eglinton Avenue West	111 Eglinton	N/A
112_0_112B	112 West Mall	Renforth Stn	Kipling Stn	112B Kipling Stn	N/A
112_1_112B	112 West Mall 	Kipling Stn	Renforth Stn	112B Renforth Stn	N/A
112_0_112Ca	112 West Mall	Disco Road	Kipling Stn	112C Kipling Stn	via Renforth Stn
112_1_112Ca	112 West Mall 	Kipling Stn	Disco Road	112C Disco Road	via Renforth Stn
112_0_112Cp	112 West Mall	Disco Road	Kipling Stn	112C Kipling Stn	via Renforth Stn
112_1_112Cp	112 West Mall	Kipling Stn	Disco Road	112C Disco Road	via Renforth Stn
112_0_112E	112 West Mall	Eringate Drive	Kipling Stn	112E Kipling Stn	Express / School Trip 
113_0_113	113 Danforth Road	Main Street Stn	Kennedy Stn	113 Kennedy Stn	N/A
113_1_113	113 Danforth Road	Kennedy Stn	Main Street Stn	113 Main Street Stn	N/A
113_0_113con	113 Danforth Road	Victoria Park Stn	Kennedy Stn	113 Kennedy Stn	Diverted to Victoria Park due to work at Main St Stn
113_1_113con	113 Danforth Road	Kennedy Stn	Victoria Park Stn	113A Victoria Park Stn	Diverted to Victoria Park due to work at Main St Stn
115_0_115	115 Silver Hills 	Leslie Street	York Mills Stn	115 York Mills Stn	N/A
115_1_115	115 Silver Hills	York Mills Stn	Leslie Street	115 Leslie	N/A
116_0_116A	116 Morningside	Kennedy Stn	Morrish Rd/Ellesmere (Conlins Rd) 	116A Conlins Rd	via Ellesmere
116_1_116A	116 Morningside	Morrish Rd/Ellesmere (Collins Rd) 	Kennedy Stn	116 Kennedy Stn	N/A
116_0_116B	116 Morningside	Kennedy Stn	Eglinton/Kingston Rd	116B Kingston Rd	School Year only
116_1_116B	116 Morningside	Eglinton/Kingston Rd	Kennedy Stn	116 Kennedy Stn	School Year only
116_0_116C	116 Morningside	Kennnedy Stn	Morningside/Nightstar (Finch)	116C Finch	N/A
116_1_116C	116 Morningside	Morningside/Nightstar (Finch)	Kennedy Stn	116 Kennedy Stn	N/A
116_0_mons	116 Morningside	Morningside/Staines	Morningside/Nightstar 	116 Kennedy Stn	N/A
117_0_117	117 Alness-Chesswood	Steeles 	Sheppard West Stn	117 Sheppard West Stn	N/A
117_1_117	117 Alness-Chesswood	Sheppard West Stn	Steeles 	117 Steeles	N/A
118_0_118a	118 Thistle Down 	Thistle Down/Albion 	Wilson Stn	118 Wilson Stn	via Tandridge
118_1_118a	118 Thistle Down	Wilson Stn	Thistle Down/Albion 	118 Thistle Down	N/A
118_0_118p	118 Thistle Down 	Thistle Down/Albion 	Wilson Stn	118 Wilson Stn	N/A
118_1_118p	118 Thistle Down	Wilson Stn	Thistle Down/Albion 	118 Thistle Down	via Tandridge
119_0_119a	119 Tobarrie	Arrow Rd/Sheppard 	Wilson Stn	119 Wilson Stn	via Torbarrie
119_1_119a	119 Tobarrie	Wilson Stn	Arrow Rd/Sheppard 	119 Sheppard 	via Clayson
119_0_119p	119 Tobarrie	Arrow Rd/Sheppard 	Wilson Stn	119 Wilson Stn	via Clayson
119_1_119p	119 Tobarrie	Wilson Stn 	Arrow Rd/Sheppard 	119 Sheppard 	via Torbarrie
120_0_120	120 Calvington 	Sheppard Avenue West	Wilson Stn	120 Wilson Stn	N/A
120_1_120	120 Calvington 	Wilson Stn	Sheppard Avenue West	120 Sheppard/Jane	N/A
120_0_NRGI	120 Calvington 	Giltspur/Magellan	Northover/Sheppard 	120 Sheppard/Jane	last trip
121_0_121A	121 Fort York-Esplanade 	Princess Gate Loop	Cherry Beach	121A Cherry Beach	via Union Stn
121_1_121A	121 Fort York-Esplanade 	Cherry Beach	Princess Gate Loop	121A Exhibtion 	via Union Stn
121_0_121C	121 Fort York-Esplande	Princess Gate Loop	Cherry Beach	121C Cherry Beach	via Union Stn
121_1_121C	121 Fort York-Esplande	Cherry Beach	Princess Gate Loop	121C Distillery	via Union Stn
121_0_121D	121 Fort York-Esplanade 	Ontario Place	Cherry Beach	121D Cherry Beach	Special Summer Route/via Union Stn
121_1_121D	121 Fort York-Esplanade 	Cherry Beach	Ontario Place 	121D Ontario Place	Special Summer Route/via Distillery & Union Stn
122_0_122	122 Graydon Hall	York Mills Stn	Roywood/Fenside 	122 Roywood	via Lesmill 
122_1_122	122 Graydon Hall	Roywood/Fenside 	York Mills Stn	122 York Mills Stn	N/A
122_0_122*	122 Graydon Hall	York Mills Stn	Roywood/Fenside 	122 Roywood	via Lesmill
122_1_122*	122 Graydon Hall	Roywood/Fenside 	York Mills Stn	122 York Mills Stn	N/A
123_0_123B	123 Sherway	Kipling Stn	Long Branch Loop	123B Long Branch	via East Mall/Sherway
123_1_123B	123 Sherway	Long Branch Loop	Kipling Stn	123B Kipling Stn	via Sherway/East Mall
123_0_123C	123 Sherway	Kipling Stn	Long Branch Loop	123C Long Branch	via Sherway and North Queen
123_1_123C	123 Sherway	Long Branch Loop	Kipling Stn	123C Kipling Stn	via North Queen and Sherway
123_0_123D	123 Sherway	Kipling Stn	Sherway Gardens	123D Sherway	via East Mall
123_1_123D	123 Sherway	Sherway Gardens	Kipling Stn	123D Kipling Stn	via East Mall
123_0_123F	123 Sherway	Kipling Stn	Sherway Gardens	123F Sherway	via West Mall
132_1_123F	123 Sherway	Sherway Gardens	Kipling Stn	123F Kipling Stn	via West Mall
124_0_124	124 Sunnybrook	Lawrence Stn	Sunnybrook Hospital Main Entrance 	124 Sunnybrook	N/A
124_1_124	124 Sunnybrook	Sunnybrook Hospital Main Entrance 	Lawrence Stn	124 Lawrence Stn	N/A
125_0_125	125 Drewry	Bathurst (Torresdale)	Finch Stn	125 Finch Stn	N/A
125_1_125	125 Drewry	Finch Stn	Bathurst (Torresdale)	125 Bathurst	N/A
125_1_TOBA	125 Drewry	Antibes/Torresdale	Bathurst/Antibes	125 Bathurst	last trip
125_0_ANBA	125 Drewry	Antibes/Torresdale	Bathurst/Antibes	125 Bathurst	Last trip
126_0_126	126 Christie 	St. Clair West Stn	Christie Stn	126 Christie Stn	N/A
126_1_126	126 Christie 	Christie Stn	St. Clair West Stn	126 St. Clair Stn	N/A
127_0_127	127 Davenport 	Townsley Loop	Spadina Stn	127 Spadina Stn	N/A
127_1_127	127 Davenport 	Spadina Stn	Townsley Loop	127 St. Clair and Old Weston Rd	N/A
129_0_129A	129 McCowan North	Major Mackenzie/Bridle Walk	Scarborough Centre 	129A Scarborough Centre 	N/A
129_1_129A	129 McCowan North	Scarborough Centre 	Major Mackenzie/Bridle Walk	129A Major Mackenzie	Extra Fare Required North of Steeles
129_0_129B	129 McCowan North	Steeles	Scarborough Centre 	129 Scarborough Centre 	N/A
129_1_129B	129 McCowan North	Scarborough Centre 	Steeles 	129B Steeles	N/A
130_0_130A	130 Middlefield	Steeles	Scarborough Centre 	130 Scarborough Centre	N/A
130_1_130A	130 Middlefield	Scarborough Centre 	Steeles 	130A Steeles	N/A
130_0_130B	130 Middlefield	Steeles 	Scarborough Centre 	130 Scarborough Centre	via Maybrook
130_1_130B	130 Middlefield	Scarborough Centre 	Steeles 	130B Steeles	via Maybrook
131_0_131A	131 Nugget	Swells/Morningview Trail	Scarborough Centre 	131 Scarborough Centre	N/A
131_1_131A	131 Nugget	Scarborough Centre 	Swells/Morningview Trail	131A Old Finch/Morningview	N/A
131_0_131Ar	131 Nugget	Swells/Morningview Trail	Scarborough Centre 	131 Scarborough Centre 	N/A
131_1_131Ar	131 Nugget	Scarborough Centre 	Swells/Morningview Trail	131A Old Finch/Morningview 	N/A
131_0_MVMOr	131 Nugget 	Swells/Morningview Trail	Morningside/John Stoner Drive	131S Short Turn	N/A
131_0_131Er	131 Nugget	Swells/Morningview Trail	Kennedy Stn	131E Kennedy Stn	via Scarborough Centre
131_1_131Er	131 Nugget	Kennedy Stn	Swells/Morningview Trail	131E Old Finch/Morningview	via Scarborough Centre 
132_0_132	132 Milner	Hupfield Trail	Scarborough Centre 	132 Scarborough Centre 	N/A
132_1_132	132 Milner	Scarborough Centre 	Hupfield Trail	132 McLevin & Hupfield	N/A
132_0_HPSE	132 Milner	Hupfield/Sewells	Sewells/Brenyon Way	132S Short Turn	Last Trip 
133_0_133	133 Neilson 	Finch/Morningside 	Scarborough Centre 	133 Scarborough Centre 	via Centernary
133_1_133	133 Neilson 	Scarborough Centre	Finch/Morningside 	133 Morningside Heights	via Centernary
134_0_134A	134 Progress	Finch Avenue East	Scarborough Centre 	134 Scarborough Centre 	N/A
134_1_134A	134 Progress	Scarborough Centre 	Finch Avenue East	134A Finch	via Tapscott
134_0_134Ar	134 Progress	Finch Avenue East	Scarborough Centre 	134 Scarborough Centre 	N/A
134_1_134Ar	134 Progress	Scarborough Centre 	Finch Avenue East	134A Finch	via Tapscott
134_0_134Bam	134 Progress	McNicoll Avenue	Scarborough Centre 	134 Scarborough Centre 	via Tapscott
134_1_134Bam	134 Progress	Scarborough Centre 	McNicoll Avenue	134B McNicoll	via Tapscott
134_0_134Bpm	134 Progress	McNicoll Avenue	Scarborough Centre 	134 Scarborough Centre 	via Tapscott
134_1_134Bpm	134 Progress	Scarborough Centre 	McNicoll Avenue	134B McNicoll	via Tapscott
134_0_134C	134 Progress	Centennial College	Scarborough Centre 	134 Scarborough Centre 	N/A
134_1_134C	134 Progress	Scarborough Centre 	Centennial College	134C Centennial College	N/A
134_1_TAFD*	134 Progress 	Tapscott/Crow Trail	Finch/Baldoon 	134 McNicoll	N/A
135_0_135	135 Gerrard	Main Street Stn	Warden Stn	135 Warden Stn	N/A
135_1_135	135 Gerrard	Warden Stn	Main Street Stn	135 Main Street Stn	N/A
135_0_135con	135 Gerrard 	Victoria Park Stn	Warden Stn	135 Warden Stn	Diverted to Victoria Park due to work at Main St Stn
135_1_135con	135 Gerrard 	Warden Stn	Victoria Park Stn	135A Victoria Park Stn	Diverted to Victoria Park due to work at Main St Stn
141_0_141am	141 Mt. Pleasant Express	Spadina Avenue	Redpath/Eglinton	141 Eglinton	N/A
141_1_141am	141 Downtown Express	Redpath/Eglinton	Spadina Avenue	141 Downtown	Extra Fare Required
141_0_141pm	141 Mt. Pleasant Express	Spadina Avenue	Redpath/Eglinton	141 Eglinton	N/A
141_1_141pm	141 Downtown Express	Redpath/Eglinton	Spadina Avenue	141 Downtown	Extra Fare Required
142_0_142	142 Avenue Rd Express	Simcoe/Adelaide	Bombay Loop	142 Highway 401	N/A
142_1_142	142 Downtown Express	Bombay Loop	Simcoe/Adelaide	142 Downtown	Extra Fare Required
142_0_SICH	142 Downtown Express	Simcoe/Adelaide	Charles St.West	142 Downtown	Extra Fare Required
143_0_143	143 Beaches Express	Simcoe/Adelaide	Neville Park Blvd	143 Neville Park	N/A
143_1_143	143 Downtown Express	Neville Park Blvd	Simcoe/Adelaide	143 Downtown	N/A
143_1_SHAS	143 Beaches Express	Sherbourne/Richmond	Simcoe/Adelaide	143 Neville Park	N/A
144_0_144	144 Downtown Express	Victoria Park/Ellesmere	Simcoe/Adelaide	144 Downtown	Extra Fare Required
144_1_144	144 Don Valley Express	Simcoe/Adelaide	Victoria Park/Ellesmere	144 York Mills	N/A
144_0_JVAS	144 Don Valley Express	Jarvis/Richmond	Simcoe/Adelaide	144 York Mills	N/A
145_0_145Aam	145 Humber Bay Express	Mimico Avenue	Spadina Avenue	145 Downtown	Extra Fare Required
145_1_145Aam	145 Downtown Express	Spadina Avenue	Mimico Avenue	145 Mimico Avenue	N/A
145_0_145Apm	145 Humber Bay Express	King St. West	Mimico Avenue	145 Mimico Avenue	N/A
145_1_145Apm	145 Downtown Express	Mimico Avenue	King St. West	145 Downtown	Extra Fare Required
145_0_145B1	145 Humber Bay Express	Adelaide St. West	Kipling Avenue	145 Kipling Avenue	N/A
145_0_145B2	145 Humber Bay Express	Richmond St. West	Kipling Avenue	145 Kipling Avenue	N/A
145_0_145B3	145 Humber Bay Express	King St. West	Kipling Avenue	145 Kipling Avenue	N/A
145_1_145B	145 Downtown Express	Kipling Avenue	Adelaide St. West	145 Downtown	Extra Fare Required
145_0_ADRM	145 Downtown Express	Kipling Avenue	Richmond St. West/Spadina Avenue	145 Richmond/Spadina	N/A
160_0_160	160 Bathurst North	Centre Street	Wilson Stn	160 Wilson Stn	N/A
160_1_160	160 Bathurst North	Wilson Stn	Centre Street	160 Centre Street	Extra Fare Required North of Steeles
161_0_BAFW	161 Rogers Road	Alliance Ave/Jane St	Ossington Stn	161 Ossington Stn	N/A
161_0_161	161 Rogers Road	Alliance Ave/Jane St	Ossington Stn	161 Ossington Stn	N/A
161_1_161	161 Rogers Road	Ossington Stn	Alliance Ave/Jane St	161 Jane Street	N/A
161_0_ljro	161 Rogers Road	Alliance Ave/Jane St	Alliance Ave/Rockcliffe Blvd	161S Short Turn	N/A
162_0_162	162 Lawrence-Donway	Don Mills Road	Lawrence Stn	162 Lawrence Stn	N/A
162_1_162	162 Lawrence-Donway	Lawrence Stn	Don Mills Road	162 Don Mills	N/A
165_0_165AAM	165 Weston Rd North	York Mills Stn 	Steeles 	165 Steeles	N/A
165_0_165A	165 Weston Rd North	Steeles	York Mills Stn	165 York Mills Stn	via Wilson Stn
165_1_165A	165 Weston Rd North	York Mills Stn	Steeles	165 Steeles	via Wilson Stn
165_0_165Apm	165 Weston Rd North	Steeles	York Mills Stn	165 York Mills Stn	via Wilson Stn
167_0_167A	167 Pharmacy North 	Esna Park Loop/Steeles	Don Mills Stn	167 Don Mills Stn	via Consumers Rd
167_1_167A	167 Pharmacy North 	Don Mills Stn	Esna Park Loop/Steeles	167A Steeles 	via Consumers Rd
167_0_167B	167 Pharmacy North 	Esna Park Loop/Steeles	Don Mills Stn	167 Don Mills Stn	N/A
167_1_167B	167 Pharmacy North 	Don Mills Stn	Esna Park Loop/Steeles	167B Steeles 	N/A
168_0_168	168 Symington 	Avon Loop/Weston Road	Dundas West Stn	168 Dundas West Stn	N/A
168_1_168	168 Symington 	Dundas West Stn	Avon Loop/Weston Road	168 Rogers Road 	N/A
169_0_169A	169 Huntingwood	Scarborough Centre 	Don Mills Stn	169A Don Mills Stn	via Van Horne
169_1_169A	169 Huntingwood	Don Mills Stn	Scarborough Centre 	169A Scarborough Centre 	via Van Horne
169_0_169B	169 Huntingwood	Scarborough Centre 	Don Mills Stn	169B Don Mills Stn	N/A
169_1_169B	169 Huntingwood	Don Mills Stn	Scarborough Centre 	169B Scarborough Centre	N/A
169_1_MCDO	169 Huntingwood	McCowan/Sheppard 	Don Mills Stn	169 Don Mills Stn	First trip
171_0_171	171 Mount Dennis	Mount Dennis Garage	Jane Street	171 Jane 	N/A
171_1_171	171 Mount Dennis	Jane Street	Mount Dennis Garage	171 Mount Dennis	N/A
175_0_175	175 Bluffer's Park	Kennedy Stn	Scarborough Bluffs Beach Loop	175 Bluffer's Park	Weekend & Holiday Service only 
175_1_175	175 Bluffer's Park 	Scarborough Bluffs Beach Loop	Kennedy Stn	175 Kennedy Stn	Weekend & Holiday Service only
176_0_176am	176 Mimco GO 	Newcastle/Windsor (Mimico GO) 	Parklawn Loop	176 Parklawn	Weekday Service only
176_1_176am	176 Mimico GO	Parklawn Loop	Newcastle/Windsor (Mimico GO) 	176 Mimico GO 	Weekday Service only
176_0_176pm	176 Mimco GO 	Newcastle/Windsor (Mimico GO) 	Parklawn Loop	176 Parklawn	Weekday Service only
176_1_176pm	176 Mimico GO	Parklawn Loop	Newcastle/Windsor (Mimico GO) 	176 Mimico GO 	Weekday Service only
185_0_185	185 Don Mills Rocket 	Freshmeadow/Don Mills (Steeles)	Pape Stn	185 Pape Stn	via Don Mills Stn/Replace by 925 Don Mills Express
185_1_185	185 Don Mills Rocket 	Pape Stn	Freshmeadow/Don Mills (Steeles)	185 Freshmeadow/Don Mills 	via Don Mills Stn/Replace by 925 Don Mills Express
186_0_186	186 Wilson Rocket 	Humber College Bus Terminal 	York Mills Stn	186 York Mills Stn	via Wilson Stn
186_1_186	186 Wilson Rocket 	York Mills Stn 	Humber College Bus Terminal 	186 Humber College 	via Wilson Stn
188_0_188am	188 Kipling South Rocket 	Kipling Stn	Lakeshore 	188 Lakeshore 	N/A
188_1_188am	188 Kipling South Rocket 	Lakeshore 	Kipling Stn 	188 Kipling Stn	N/A
188_0_188	188 Kipling South Rocket 	Kipling Stn	Lakeshore 	188 Lakeshore 	N/A
188_1_188	188 Kipling South Rocket 	Lakeshore 	Kipling Stn 	188 Kipling Stn	N/A
188_0_188pm	188 Kipling South Rocket 	Kipling Stn	Lakeshore 	188 Lakeshore 	N/A
188_1_188pm	188 Kipling South Rocket 	Lakeshore 	Kipling Stn 	188 Kipling Stn	N/A
190_0_190	190 Scarborough Centre Rocket	Don Mills Stn	Scarborough Centre 	190 Scarborough Centre 	Replace by 985A Sheppard East Express
190_1_190	190 Scarborough Centre Rocket	Scarborough Centre 	Don Mills Stn	190 Don Mills Stn	Replace by 985A Sheppard East Express
191_0_191B	191 Highway 27 Rocket	Steeles	Kipling Stn	191B Kipling Stn	via Humber College/Replace by 927B Highway 27 Express
191_1_191B	191 Highway 27 Rocket	Kipling Stn	Steeles	191B Steeles	via Humber College/Replace by 927B Highway 27 Express
191_0_191C	191 Highway 27 Rocket	Steeles	Kipling Stn	191C Kipling Stn	via Attwell and Humber College/Replace by 927C Highway 27 Express
191_1_191C	191 Highway 27 Rocket	Kipling Stn	Steeles	191C Steeles	via Attwell and Humber College/Replace by 927C Highway 27 Express
191_0_191Dam	191 Highway 27 Rocket	Steeles	Kipling Stn	191D Kipling Stn	via Royalcrest Road/Replace by 927D Highway 27 Express
191_1_191Dam	191 Highway 27 Rocket	Kipling Stn	Steeles	191D Steeles	via Royalcrest Road/Replace by 927D Highway 27 Express
191_0_191Dpm	191 Highway 27 Rocket	Steeles	Kipling Stn	191D Kipling Stn	via Humber College/Replace by 927D Highway 27 Express
191_1_191Dpm	191 Highway 27 Rocket	Kipling Stn	Steeles	191D Steeles	via Humber College/Replace by 927D Highway 27 Express
191_1_MGHY	191 Highway 27 Rocket	Martin Grove/Royalcrest Road	Steeles	191D Steeles	N/A
192_0_192	192 Airport Rocket 	Pearson Airport (Terminal 3)	Kipling Stn	192 Kipling Stn	N/A
192_1_192	192 Airport Rocket 	Kipling Stn	Pearson Airport (Terminal 3)	192 Pearson Airport 	N/A
193_0_193	193 Exhibition Rocket	CNE Dufferin Gates	Dundas West Stn	193 Dundas West Stn	CNE Service Non Stop Express
193_1_193	193 Exhibition Rocket	Dundas West Stn 	CNE Dufferin Gates	193 West Entrance	CNE Service Non Stop Express
195_0_195	195 Jane Rocket 	Pioneer Village Stn	Jane Stn	195 Jane Stn	N/A
195_1_195	195 Jane Rocket 	Jane Stn	Pioneer Village Stn	195 Pioneer Village Stn	N/A
195_1_195A	195 Jane Rocket	Jane Stn	Steeles	195A Steeles	N/A
195_1_195fj	195 Jane Rocket 	Jane Stn	Finch	195S Finch	N/A
195_0_js195	195 Jane Rocket	Jane Street	Jane Stn	195 Jane Stn	N/A
198_0_198	198 UfTS Rocket 	Kennedy Stn	U of T Scarborough 	198 U of T Scarborough 	Replace by 905 Eglinton East Express
198_1_198	198 UfTS Rocket 	U of T Scarborough	Kennedy Stn	198 Kennedy Stn	Replace by 905 Eglinton East Express
199_0_199A	199 Finch Rocket	Finch Stn	Scarborough Centre 	199A Scarborough Centre 	Replace by 939A Finch Express
199_1_199A	199 Finch Rocket	Scarborough Centre 	Finch Stn	199A Finch Stn	Replace by 939A Finch Express
199_0_199B	199 Finch Rocket	Finch West Stn	Scarborough Centre 	199B Scarborough Centre 	via Finch Stn / Weekday Service only/Replace by 939B Finch Express
199_1_199B	199 Finch Rocket	Scarborough Centre 	Finch West Stn	199B Finch West Stn	via Finch Stn / Weekday Service only/Replace by 939B Finch Express
199_0_199C	199 Finch Rocket	Finch Stn	Morningside Heights	199C Morningside Heights	Weekday Service only/Replace by 939C Finch Express
199_1_199C	199 Finch Rocket	Morningside Heights	Finch Stn	199C Finch Stn	Weekday Service only/Replace by 939C Finch Express
199_1_MCCO	199 Finch Rocket 	McCowan/Sheppard 	Finch West Stn	199B Finch West Stn	N/A
300_0_300A	300 Bloor-Danforth 	Warden Avenue	Pearson Airport (Terminal 3)	300A Pearson Airport	bypass Kipling Stn
300_1_300A	300 Bloor-Danforth 	Pearson Airport (Terminal 3)	Warden Avenue	300A Warden 	bypass Kipling Stn
300_0_300B	300 Bloor-Danforth 	West Mall	Transway (Kennedy Stn)	300B Kennedy Stn	bypass Kipling Stn
300_1_300B	300 Bloor-Danforth 	Transway (Kennedy Stn)	West Mall	300B West Mall	bypass Kipling Stn
300_0_300A*	300 Bloor-Danforth 	Warden	Pearson Airport (Terminal 3)	300A Pearson Airport	via Kipling Stn
300_1_300A*	300 Bloor-Danforth 	Pearson Airport (Terminal 3)	Warden	300A Warden via Kipling Stn	via Kipling Stn
300_0_300B*	300 Bloor-Danforth 	Pearson Airport (Terminal 3)	Kennedy Stn	300B Kennedy Stn	via Kipling Stn
300_1_300B*	300 Bloor-Danforth 	Transway (Kennedy Stn)	West Mall	300B West Mall	via Kipling Stn
300_0_300Ake	300 Bloor-Danforth	Pearson Airport (Terminal 3)	Kennedy Stn	300B Kennedy Stn 	bypass Kipling Stn
300_1_KPEM	300 Bloor-Danforth 	Pearson Airport	Kennedy Stn	300B Kennedy Stn	bypass Kipling Stn
300_1_300kp	300 Bloor-Danforth 	Kipling Stn	East Mall	300B East Mall	last trip
300_1_300Bkp	300 Bloor-Danforth 	Warden	Kipling Stn	300K Kipling Stn	last trip
300_0_ba300	300 Bloor-Danforth	West Mall	Kennedy Stn	300 Kennedy Stn	End at Kennedy Stn?
300_0_ba300B	300 Bloor-Danforth 	West Mall	Kennedy Stn	300B Kennedy Stn	bypass Kipling Stn
300_0_MSKE	300 Bloor-Danforth 	Bathurst 	Danforth/Landry	300A Warden	N/A
300_0_MSDD	300 Bloor-Danforth 	Main Street Stn	Kennedy Stn	300 Kennedy Stn	N/A
300_0_LSPS	300 Bloor-Danforth	Lansdowne Stn	Don Mills Stn	300 Don Mills Stn	N/A
300_1_T1T3	300 Bloor-Danforth 	Pearson Airport (Terminal 1)	Pearson Airport (Terminal 3)	300 Terminal 3	Sign based on next trip
300_1_300la	300 Bloor-Danforth 	Pearson Airport (Terminal 1)	Pearson Airport (Terminal 3)	Various	N/A
300_1_KEPS	300 Bloor-Danforth 	Danforth and Warden	Landsdowne Stn	300S Lansdowne Stn	N/A
300_1_BSKP	300 Bloor-Danforth 	Kennedy Stn	Pape Stn	300S Pape Stn	N/A
300_1_CSJN	300 Bloor-Danforth	Coxwell Stn	Keele Stn	300S Keele Stn	N/A
300_1_PSJN	300 Bloor-Danforth	Pape Stn	Pearson Airport (Terminal 3)	300A Pearson Airport	via Kipling Stn
300_1_CSDW	300 Bloor-Danforth	Coxwell Stn	Dundas West Stn	300S Dundas West Stn	N/A
300_0_300Bdd	300 Bloor-Danforth 	Broadview Stn	Kipling Stn	300K Kipling Stn	N/A
300_0_kp300	300 Bloor-Danforth 	East Mall/Bloor	Danforth and Warden	300 Warden	N/A
300_0_EMKP	300 Bloor-Danforth 	East Mall/Bloor	Kipling Stn	300K Kipling Stn	Last Trip
301_0_301	301 Queen	Neville Park Loop	Long Branch Loop	301 Long Branch	N/A
301_1_301	301 Queen	Long Branch Loop	Neville Park Loop	301 Neville Park	N/A
301_1_NECQ	301 Queen	Neville Park Loop	Connaught & Queen	301S Connaught 	Last Trip 
301_0_LOCQ	301 Queen	Long Branch Loop	Connaught & Queen	301S Connaught 	Last trip
302_0_302	302 Kingston Rd-McCowan	Steeles/McCowan Loop	Bingham Loop	302 Bingham	N/A
302_1_302	302 Kingston Rd-McCowan	Bingham Loop	Steeles/McCowan Loop	302 Victoria Park	N/A
302_0_BIDA	302 Kingston Rd-McCowan	Bingham Loop	Steeles/McCowan Loop	302 Steeles	final trip
304_0_304	304 King	Dundas West Stn	Broadview Stn	304 Broadview 	N/A
304_1_304	304 King	Broadview Stn	Dundas West Stn	304 Dundas West	N/A
304_1_BSBR	304 King	Broadview Stn	Broadview/Queen	304S Queen	Final Trip
304_0_304br	304 King	Dundas West Stn	Broadview/Queen	304S Queen	Final Trip
306_0_306	306 Carlton 	Dundas West Stn	Main Street Stn	306 Main Street Stn	N/A
306_1_306	306 Carlton	Main Street Stn	Dundas West Stn	306 Dundas West Stn	N/A
306_0_306bus	306 Carlton	Dundas West Stn	Victoria Park Stn	306 Victoria Park Stn	N/A
306_1_306bus	306 Carlton	Victoria Park Stn	Dundas West Stn	306 Dundas West Stn	N/A
306_0_306buscon	306 Carlton	Dundas West Stn	Victoria Park Stn	306 Victoria Park Stn	N/A
306_1_306buscon	306 Carlton	Victoria Park Stn	Dundas West Stn	306 Dundas West Stn	N/A
307_0_307	307 Bathurst	Exhibition Loop	Greenwin Village (Steeles)	307 Steeles	N/A
307_1_307	307 Bathurst	Greenwin Village (Steeles)	Exhibition Loop	307 Exhibition	N/A
310_0_310	310 Spadina	Union Stn	Spadina Stn	310 Spadina Stn	N/A
310_1_310	310 Spadina	Spadina Stn	Union Stn	310 Union Stn	N/A
312_0_312	312 St Clair	Yonge St (St Clair Stn)	Edna Ave (Dundas West Stn)	312 St Clair Stn	N/A
312_1_312	312 St Clair	Edna Ave (Dundas West Stn)	Yonge St (St Clair Stn)	312 Dundas West Stn	N/A
315_0_315	315 Evans-Brown's Line	Royal York Stn	Long Branch Loop	315 Long Branch	N/A
315_1_315	315 Evans-Brown's Line	Long Branch Loop	Royal York Stn and Islington Stn	315 Royal York Stn	N/A
315_0_315con	315 Evans-Brown's Line	Royal York Stn	Long Branch Loop	315 Long Branch	N/A
315_1_315con	315 Evans-Brown's Line	Long Branch Loop	Royal York Stn and Islington Stn	315 Royal York Stn	N/A
320_0_320	320 Yonge	Yonge/Steeles Loop	Queen's Quay	320 Queen's Quay	N/A
320_1_320	320 Yonge	Queen's Quay	Yonge/Steeles Loop	320 Steeles	N/A
320_1_320*fs	320 Yonge	Queen's Quay	Yonge/Steeles Loop	320 Steeles 	via Finch Stn
320_0_YEQQ	320 Yonge	Queen's Quay	Yonge/Steeles Loop	320 Finch Stn	N/A
320_0_SYFS	320 Yonge	Yonge/Steeles Loop	Queen's Quay	320 Queen's Quay	via Finch Stn
320_1_QQDV	320 Yonge	Queen's Quay	Davisville Stn	320 Davisville Stn	N/A
320_1_QQYE	320 Yonge 	Queen's Quay	Eglinton Stn	320 Eglinton Stn	N/A
322_0_322	322 Coxwell	Erindale Ave (Broadview Stn)	Bingham Loop	322 Victoria Park	N/A
322_1_322	322 Coxwell	Bingham Loop	Erindale Ave (Broadview Stn)	322 Broadview Stn	N/A
322_0_BIWD	322 Coxwell	Erindale Av (Broadview Stn)	Bingham Loop	322 Victoria Park	final trip
324_0_324	324 Victoria Park	Bingham Loop	Danforth/Warden	324 Kingston Rd	bypasses Victoria Park Stn
324_1_324	324 Victoria Park	Warden/Steeles Loop	Bingham Loop	324 Warden/Steeles	via Victoria Park Stn
324_1_324v	324 Victoria Park	Bingham Loop	Warden/Steeles Loop	324 Warden/Steeles	bypasses Victoria Park Stn
325_0_325	325 Don Mills	Eastern 	Freshmeadow/Don Mills (Steeles)	325 Steeles	bypassing Don Mills/Pape Stn
325_1_325	325 Don Mills	Freshmeadow/Don Mills (Steeles)	Eastern 	25/A/B Pape Stn	bypassing Don Mills/Pape Stn
325_0_325ps	325 Don Mills	Eastern 	Freshmeadow/Don Mills (Steeles)	325S Danforth	bypassing Don Mills/Pape Stn
325_1_325ps	325 Don Mills	Freshmeadow/Don Mills (Steeles)	Danforth Ave (Pape Stn)	325S Danforth	N/A
329_0_329	329 Dufferin	Eastern 	Lipton Ave (Pape Stn)	329 Exhibition	N/A
329_1_329	329 Dufferin	Steeles	Exhibition Loop	329 Steeles	bypass Dufferin Loop/Wilson Stn
329_1_exwl329	329 Dufferin	Exhibiton Loop	Steeles	329 Steeles	bypass Wilson Stn
332_0_332	332 Eglinton West	Dufferin Loop	Steeles	332 Eglinton Stn	bypass Eglinton West Stn
332_1_332	332 Eglinton West	Pearson Airport (Terminal 3)	Duplex Ave (Eglinton Stn)	332 Pearson Airport	bypass Eglinton West Stn
332_0_sk332	332 Eglinton West	Duplex Ave (Eglinton Stn)	Pearson Airport (Terminal 3)	332 Eglinton Stn	bypass Eglinton West Stn
334_0_334	334 Eglinton East	Eglinton Stn	Finch Avenue East	334 Finch/Neilson via Morningside	bypass Kennedy Stn
334_1_334	334 Eglinton East	Finch Avenue East	Eglinton Stn	334 Eglinton Stn	bypass Kennedy Stn
334_0_334*	334 Eglinton East	Eglinton Stn	Finch Avenue East	334 Finch	via Kennedy Stn
334_1_334*	334 Eglinton East	Finch Avenue East	Eglinton Stn	334 Eglinton Stn	via Kennedy Stn
334_1_NWFD	334 Eglinton East	Finchdene Sq/Newcatle Gate	Finchdene Sq/Finch Ave	334S Short Turn	Last Run
335_0_335	335 Jane	Jane Stn	Yonge St	335 Jane Stn	N/A
335_1_335	335 Jane	York University	Jane Stn	335 York University	N/A
336_0_336	336 Finch West	Humberwood Loop	Yonge St/Finch Av E	336 Finch Stn	bypasses Finch Stn
336_1_336	336 Finch West	Yonge St/Finch Av E	Humberwood Loop	336 Humberwood Loop	N/A
336_0_336fs	336 Finch West	Woodbine Racetrack	Yonge St/Finch Av E	336 Finch Stn	then operates on 36
336_1_336fs	336 Finch West	Finch Stn	Woodbine Racetrack	336 Woodbine Racetrack	bypasses Finch Stn
337_0_337	337 Islington	Kipling/Steeles Loop	Lake Shore Blvd	337 Lake Shore	via Kipling Avenue
337_1_337	337 Islington	Lake Shore Blvd	Kipling/Steeles Loop	337 Steeles	N/A
337_0_SLST	337 Islington	Lake Shore Blvd	Kipling/Steeles Loop	37 Islington Stn	last trip as 337
337_1_ISTN	337 Islington	Kipling/Steeles Loop	Islington/Steeles Loop	337 Steeles	N/A
339_0_339	339 Finch East	Yonge St/Finch Ave West	Markham Road	339 Markham Rd	N/A
339_1_339	339 Finch East	Finchdene Square	Yonge St/Finch Ave West	339 Finch Stn	N/A
339_0_fs339	339 Finch East	Finch Stn	Finchdene Square	339 Markham Rd	first blue night trip
339_0_ne339	339 Finch East	Finchdene Sqaure	Finch Stn	339 Finch Stn	N/A
339_1_ne339	339 Finch East	Finch Stn	Finchdene Square	339 Markham Rd 	first blue night trip
341_0_341	341 Keele	York University & Steeles	Bloor/Keele (Keele Stn)	341 Keele Stn	N/A
341_1_341	341 Keele	Bloor/Keele (Keele Stn)	York University & Steeles	341 York University	N/A
343_0_343	343 Kennedy	Eglinton Ave East/Kennedy Rd	Steeles/Midland	343 Steeles	N/A
343_1_343	343 Kennedy	Steeles/Midland	Transway (Kennedy Stn)	343 Kennedy Stn	bypass stations
352_0_352	352 Lawrence West	Pearson Airport (Terminal 3)	Sunnybrook Hospital	352 Lawrence West	bypass stations
352_1_352	352 Lawrence West	Sunnybrook Hospital	Pearson Airport (Terminal 3)	352 Lawrence West	bypass stations
352_1_SUKE	352 Lawrence West	Sunnybrook Hospital	Keele Street	352 Keele Street	Short turn?
353_0_c353	353 Steeles	York University	Finchdene Square	353 Staines	N/A
353_1_353c	353 Steeles	Finchdene Square	York University	353 York Universtiy	N/A
354_0_354b	354 Lawrence East	Eglinton Stn	Starspray Blvd	354 Starspray Blvd	bypass Lawrence East Stn
354_1_354b	354 Lawrence East	Starspray Blvd	Eglinton Stn	354 Eglinton Stn	N/A
354_1_354c	354 Lawrence East	Starspray Blvd	Rouge Hill GO Stn	354 Eglinton Stn	then 354C
354_1_354d	354 Lawrence East	Rouge Hill GO Stn	Yonge Street	354 Eglinton Stn	bypassing Lawrence East Stn
363_0_363	363 Ossington	Everden Av (Eglinton West Stn)	Exhibition Loop	363 Exhibition	N/A
363_1_363	363 Ossington	Exhibition Loop	Everden Av (Eglinton West Stn)	363 Eglinton West Stn	N/A
365_0_365	365 Parliament	Bloor Street	The Esplanade	365 Esplanade	N/A
365_1_365	365 Parliament	The Esplanade	Bloor Street	365 Castle Frank Stn	N/A
384_0_384	384 Sheppard West	Weston Rd/Bradstock Rd	Beecroft Rd (Sheppard Stn)	384 Sheppard Stn	bypasses Sheppard West Stn
384_1_384	384 Sheppard West	Beecroft Rd (Sheppard Stn)	Weston Rd/Bradstock Rd	384 Weston Rd	bypasses Sheppard West Stn
384_0_WERI	384 Sheppard West	Weston Rd/Bradstock Rd	Rivalda Rd/Sheppard	384S Short Turn	Last Run
385_0_385	385 Sheppard East	Yonge St/Sheppard 	Meadowvale Loop	385 Meadowvale 	N/A
385_1_385	385 Sheppard East	Meadowvale Loop	Yonge St/Sheppard 	385 Yonge Street	N/A
395_0_395	395 York Mills	Meadowvale Loop	Old York Mills Rd	395 York Mills Stn	N/A
395_1_395	395 York Mills	Old York Mills Rd	Meadowvale Loop	395 Meadowvale	N/A
395_0_SLPM	395 York Mills	Ellesmere/Markham Rd	Meadowvale Loop	395 Meadowvale	First Trip
396_0_396	396 Wilson	Steeles Loop/Martin Grove 	York Mills/Yonge St	396A York Mills Stn	bypass Wilson Stn
396_1_396	396 Wilson	York Mills/Yonge St	Steeles Loop/Martin Grove 	396 Steeles	bypass Wilson Stn
396_0_396*	396 Wilson	Steeles Loop/Martin Grove 	York Mills/Yonge St	396A York Mills Stn	via Wilson Stn
396_1_396*	396 Wilson	York Mills/Yonge St	Steeles Loop/Martin Grove 	396 Steeles	via Wilson Stn
501_0_501	501 Queen	Long Branch Loop	Neville Park Loop	501 Neville Park	N/A
501_1_501	501 Queen	Neville Park Loop	Long Branch Loop	501 Long Branch 	N/A
501_0_501A	501 Queen	Humber Loop	Neville Park Loop	501 Neville Park	N/A
501_1_501A	501 Queen	Neville Park Loop	Humber Loop	501 Humber 	N/A
501_0_501L	501 Queen	Long Branch Loop	Humber Loop	501 Humber	N/A
501_1_501L	501 Queen	Humber Loop	Long Branch Loop	501 Long Branch 	N/A
501_1_CQLO	501 Queen	Connaught/Queen 	Long Branch Loop	501 Long Branch 	N/A
501_0_CQNE	501 Queen	Connaught/Queen 	Neville Park Loop	501 Neville Park	N/A
502_0_502	502 Downtowner	McCaul/Queen	Bingham Loop	502 Bingham	N/A
502_1_502	502 Downtowner	Connaught/Queen 	Bingham Loop	502 Bingham	N/A
502_0_CQBI	502 Downtowner	Connaught/Queen 	McCaul/Queen	502 McCaul	N/A
502_1_cq502mc	502 Downtowner	Broadview Stn	Berkeley/King St	502 Parliament 	N/A
502_1_BICQ	502 Downtowner	McCaul/Queen	Connaught/Queen	502 Connaught	N/A
503_0_503	503 Kingston Rd	Spadina Avenue	Bingham Loop	503 Victoria Park	N/A
503_1_503	503 Kingston Rd	Bingham Loop	Spadina Avenue	503 Spadina	N/A
504_0_504	504 King	Dundas West Stn	Broadview Stn	504 Broadview Stn	N/A
504_1_504	504 King	Broadview Stn	Dundas West Stn	504 Dundas West Stn	N/A
504_0_504A	504 King	Distillery	Dundas West Stn	504 Dundas West Stn	N/A
504_1_504A	504 King	Dundas West Stn	Distillery	504A Distillery	N/A
504_0_504B	504 King	Victoria Park	Dufferin Gate	504 Dufferin Gate	N/A
504_1_504B	504 King	Dufferin Gate	Victoria Park 	504B Victoria Park	N/A
504_0_504Dbus	504 King	Parliament Street	Broadview Stn	504 Broadview Stn	via King
504_1_504Dbus	504 King 	Broadview Stn	Parliament Street	504D Parliament 	N/A
504_1_br504	504 King	Broadview/Queen	Dundas West Stn	504 Dundas West Stn	N/A
504_1_br504ex	504 King	Broadview/Queen	Exhibition Loop	504 Exhibition	N/A
504_0_504br	504 King	Dundas West Stn	Broadview/Queen	504S Queen	Last Trip
504_0_504am	504 King	Edna Ave / Dundas 	Broadview Stn	504 Broadview Stn	N/A
504_1_504rush	504 King	Broadview Stn	Dundas West Stn		N/A
505_0_505	505 Dundas	Dundas West Stn	Broadview Stn	505 Broadview Stn	via Dundas
505_1_505	505 Dundas	Broadview Stn	Dundas West Stn	505 Dundas West Stn	via Dundas
505_0_505bus	505 Dundas	Dundas West Stn	Broadview Stn	505 Broadview Stn	via Dundas
505_1_505bus	505 Dundas 	Broadview Stn	Dundas West Stn	505 Dundas West Stn	via Dundas
505_0_505rushbus	505 Dundas	Dundas West Stn	Broadview Stn	505 Broadview Stn	via Dundas
505_1_501rushbus	505 Dundas	Broadview Stn	Dundas West Stn	505 Dundas West Stn	via Dundas
506_0_506	506 Carlton	High Park Loop	Main Street Stn	506 Main Street Stn	N/A
506_1_506	506 Carlton	Main Street Stn	High Park Loop	506 High Park	N/A
506_0_506bus	506 Carlton	High Park Loop	Main St Stn	506 Victoria Park Stn	N/A
506_0_506con	506 Carlton	High Park Loop	Victoria Park Stn	506 Victoria Park Stn	N/A
506_0_506buscon	506 Carlton	High Park Loop	Victoria Park Stn	506 Victoria Park Stn	N/A
506_1_506bus	506 Carlton	Main St Stn	High Park Loop	506 High Park Stn	N/A
506_1_506con	506 Carlton	Victoria Park Stn	High Park Loop	506 High Park Stn	N/A
506_0_506cx	506 Carlton	High Park Loop	Coxwell /Lower Gerrard 	506 Coxwell	Last run
506_1_506buscon	506 Carlton	Howard Park/Roncesvalles	High Park Loop	506 High Park Stn	N/A
506_0_hp506buscn	506 Carlton	High Park Loop	Victoria Park Stn	506 Victoria Park Stn	N/A
506_0_506cxBus	506 Carlton	Howard Park/Roncesvalles	Coxwell /Lower Gerrard 	506 Coxwell	N/A
506_1_506hp	506 Carlton	Main St Stn	Howard Park/Roncesvalles	506 Roncesvalles	N/A
506_1_hp506bus	506 Carlton	Howard Park/Roncesvalles	Main St Stn	506 Main St Stn	Morning Bus Trip 
509_0_509	509 Harbourfront 	Exhibtion Loop	Union Stn	509 Union Stn	N/A
509_1_509	509 Harbourfront 	Union Stn	Exhibition Loop	509 Exhibition 	N/A
510_0_510A	510 Spadina	Spadina Stn	Union Stn	510 Union Stn	N/A
510_1_510A	510 Spadina 	Union Stn	Spadina Stn	510 Spadina Stn	N/A
510_0_510B	510 Spadina	Spadina Stn	Queen's Quay	510 Queen's Quay	N/A
510_1_510B	510 Spadina	Queen's Quay	Spadina Stn	510 Spadina Stn	N/A
510_1_kg510	510 Spadina 	King/Spadina 	Spadina Stn	510 Spadina Stn	N/A
511_0_511	511 Bathurst 	Exhibition Loop	Bathurst Stn	511 Bathurst Stn	N/A
511_1_511	511 Bathurst 	Bathurst Stn	Exhibition Loop	511 Exhibition 	N/A
511_0_511bus	511 Bathurst	Exhibition Loop	Bathurst Stn	511 Bathurst Stn	N/A
511_1_511bus	511 Bathurst	Bathurst Stn	Exhibition Loop	511 Exhibition	N/A
511_1_BKBA	511 Bathurst 	Bathurst/King	Exhibtion Loop	511 Bathurst 	N/A
511_0_BKEX	511 Bathurst 	Bathurst/King	Exhibition Loop	511 Exhibition 	N/A
512_0_512	512 St. Clair 	Gunns Loop	St. Clair Stn	512 St. Clair Stn	N/A
512_1_512	512 St. Clair 	St. Clair Stn	Gunns Loop	512 Gunns Loop	N/A
512_0_512*	512 St. Clair	Gunns Loop	St. Clair Stn	512 St. Clair Stn	N/A
512_1_512*	512 St. Clair	St. Clair Stn	Gunns Loop	512 Gunns Loop	N/A
512_0_512bus	512 St. Clair	Gunns Loop	St. Clair Stn	512 St. Clair Stn	N/A
512_1_512bus	512 St. Clair	St. Clair Stn	Gunns Loop	512 Gunns Loop	N/A
512_0_GUVS	512 St. Clair	Gunns Loop	St. Clair Stn	512 Gunns Loop	N/A
512_1_bs512	512 St. Clair	Bathurst/St Clair	Wynchwood Avenue	512S Short Turn	N/A
512_0_BSSS*	512 St. Clair	Bathurst/St Clair	Gunns Loop	512 Gunns Loop	N/A
512_0_512sc	512 St. Clair	Gunns Loop	Bathurst/St Clair	512 Bathurst	N/A
514_0_514	514 Cherry	Exhibition (Dufferin Gate)	Distillery Loop	514 Distillery	via King
514_1_514	514 Cherry	Distillery	Exhibition Loop (Dufferin Gate)	514 Dufferin Gate	via King
900_0_900	900 Airport Express	Pearson Airport (Terminal 3)	Kipling Stn	900 Kipling Stn	Formerly 192 Airport Rocket
900_1_900	900 Airport Express	Kipling Stn	Pearson Airport (Terminal 3)	900 Pearson Airport	Formerly 192 Airport Rocket
902_0_902	902 Markham Rd Express	Sheppard Avenue East	Warden Stn	902 Warden Stn	via Centennial College
902_1_902	902 Markham Rd Express	Warden Stn	Sheppard Avenue East	902 Sheppard	via Centennial College
903_0_903	903 Kennedy-Scarborough Centre Express	Scarborough Centre 	Kennedy Stn	903 Kennedy Stn	Formerly 131E Nugget Express
903_1_903	903 Kennedy-Scarborough Centre Express	Kennedy Stn	Scarborough Centre 	903 Scarborough Centre 	Formerly 131E Nugget Express
905_0_905	905 Eglinton East Express	Kennedy Stn	U of T Scarborough	905 U of T Scarborough	Formerly 198 U of T Scarborough Rocket
905_1_905	905 Eglinton East Express	U of T Scarborough	Kennedy Stn	905 Kennedy Stn	Formerly 198 U of T Scarborough Rocket
913_0_913	913 Progress Express	Centennial College	Scarborough Centre 	913 Scarborough Centre 	N/A
913_1_913	913 Progress Express	Scarborough Centre 	Centennial College	913 Centennial College	N/A
924_0_924	924 Victoria Park Express	Steeles 	Victoria Park Stn	924 Victoria Park Stn	Formerly 24E Victoria Park Express
924_1_924	924 Victoria Park Express	Victoria Park Stn	Steeles	924 Steeles	Formerly 24E Victoria Park Express
925_0_925	925 Don Mills Express	Freshmeadow/Don Mills (Steeles)	Pape Stn	925 Pape Stn	via Don Mills Stn/Formerly 185 Don Mills Rocket
925_1_925	925 Don Mills Express	Pape Stn	Freshmeadow/Don Mills (Steeles)	925 Steeles	via Don Mills Stn/Formerly 185 Don Mills Rocket
927_0_927A	927 Highway 27 Express	Humber College Bus Terminal	Kipling Stn	927A Kipling Stn	N/A
927_1_927A	927 Highway 27 Express	Kipling Stn	Humber College Bus Terminal	927A Humber College	N/A
927_0_927B	927 Highway 27 Express	Steeles 	Kipling Stn	927B Kipling Stn	via Humber College
927_1_927B	927 Highway 27 Express	Kipling Stn	Steeles 	927B Steeles	via Humber College
927_0_927C	927 Highway 27 Express	Steeles 	Kipling Stn	927C Kipling Stn	via Attwell and Humber College 
927_1_927C	927 Highway 27 Express	Kipling Stn	Steeles	927C Steeles	via Attwell and Humber College 
927_0_927Dam	927 Highway 27 Express	Steeles	Kipling Stn	927D Kipling Stn	via Royalcrest Road
927_1_927Dam	927 Highway 27 Express	Kipling Stn	Steeles	927D Steeles	via Royalcrest Road
927_0_927Dpm	927 Highway 27 Express	Steeles	Kipling Stn	927D Kipling Stn	via Humber College
927_1_927Dpm	927 Highway 27 Express	Kipling Stn	Steeles	927D Steeles	via Humber College
929_0_929	929 Dufferin Express	Wilson Stn	Dufferin Gate Loop	929 Dufferin Gate 	N/A
929_1_929	929 Dufferin Express	Dufferin Gate Loop	Wilson Stn	929 Wilson Stn	N/A
935_0_935	935 Jane Express	Pioneer Village Stn	Jane Stn	935 Jane Stn	Formerly 195 Jane Rocket 
935_1_935	935 Jane Express	Jane Stn	Pioneer Village Stn	935 Pioneer Village Stn	Formerly 195 Jane Rocket 
935_1_935A	935 Jane Express	Jane Stn	Steeles	935A Steeles	N/A
937_0_937	937 Islington Express	Steeles 	Islington Stn	937 Islington Stn	N/A
937_1_937	937 Islington Express	Islington Stn	Steeles	937 Steeles 	N/A
939_0_939A	939 Finch Express	Finch Stn	Scarborough Centre 	939A Scarborough Centre Stn	Formerly 199A Finch Rocket 
939_1_939A	939 Finch Express	Scarborough Centre	Finch Stn	939A Finch Stn	Formerly 199A Finch Rocket 
939_0_939B	939 Finch Express	Finch West Stn	Scarborough Centre 	939B Scarborough Centre Stn	via Finch Stn/Weekday Service only/Formerly 199B Finch Rocket
939_1_939B	939 Finch Express	Scarborough Centre 	Finch West Stn	939B Finch West Stn	via Finch Stn/Weekday Service only/Formerly 199B Finch Rocket
939_0_939C	939 Finch Express	Finch Stn	Morningside Heights	939C Morningside Heights	Formerly 199C Finch Rocket/Weekday Service only
939_1_939C	939 Finch Express	Morningside Heights	Finch Stn	939C Finch Stn	Formerly 199C Finch Rocket/Weekday Service only
941_0_941	941 Keele Express	Four Winds Dr (Finch West Stn)	Keele Stn	941 Keele Stn	Formerly 41E Keele Express 
941_1_941	941 Keele Express	Keele Stn	Four Winds Dr (Finch West Stn)	941 Finch West Stn	Formerly 41E Keele Express 
944_0_944am	944 Kipling South Express	Kipling Stn	Lake Shore	944 Lake Shore	Formerly 144 Kipling South Rocket
944_1_944am	944 Kipling South Express	Lake Shore	Kipling Stn	944 Kipling Stn	Formerly 144 Kipling South Rocket
944_0_944	944 Kipling South Express	Kipling Stn	Lake Shore	944 Lake Shore	Formerly 144 Kipling South Rocket
944_1_944	944 Kipling South Express	Lake Shore	Kipling Stn	944 Kipling Stn	Formerly 144 Kipling South Rocket
944_0_944pm	944 Kipling South Express	Kipling Stn	Lake Shore	944 Lake Shore	Formerly 144 Kipling South Rocket
944_1_944pm	944 Kipling South Express	Lake Shore	Kipling Stn	944 Kipling Stn	Formerly 144 Kipling South Rocket
945_0_945	945 Kipling Express	Steeles 	Kipling Stn	945 Kipling Stn	Formerly 45E Kipling Express
945_1_945	945 Kipling Express	Kipling Stn	Steeles	945 Steeles	Formerly 45E Kipling Express
952_0_952	952 Lawrence West Express	Pearson Airport (Terminal 3)	Lawrence Stn	952 Lawrence Stn	via Lawrence West Stn
952_1_952	952 Lawrence West Express	Lawrence Stn	Pearson Airport (Terminal 3)	952 Pearson Airport	via Lawrence West Stn
953_0_953A	953 Steeles East Express	Finch Stn	Staines	953A Staines	Formerly 53F Steeles East Express
953_1_953A	953 Steeles East Express	Staines 	Finch Stn	953A Finch Stn	Formerly 53F Steeles East Express
953_0_953B	953 Steeles East Express	Finch Stn	Markham Road	953B Markham Rd	Formerly 53E Steeles East Express 
953_1_953B	953 Steeles East Express	Markham Road	Finch Stn	953B Finch Stn	Formerly 53E Steeles East Express 
954_0_954	954 Lawrence East Express	Lawrence East Stn	Starspray Loop	954 Starspray Blvd	Formerly 54E Lawrence East Express/via Rushley Dr
954_1_954	954 Lawrence East Express	Starspray Loop	Lawrence East Stn	954 Lawrence East Stn	Formerly 54E Lawrence East Express/via Rushley Dr
954_0_954pm	954 Lawrence East Express	Lawrence East Stn	Starspray Loop	954 Starspray Blvd	bypasses Rushley Drive
954_1_954pm	954 Lawrence East Express	Starspray Loop	Lawrence East Stn	954 Lawrence East Stn	bypasses Rushley Drive
960_0_960	960 Steeles West Express	Pionner Village Stn	Finch Stn	960 Finch Stn	Formerly 60E Steeles West Express
960_1_960	960 Steeles West Express	Finch Stn	Pionner Village Stn	960 Pionner Village Stn	Formerly 60E Steeles West Express
984_0_984	984 Sheppard West Express	Sheppard West Stn	Sheppard-Yonge Stn	984 Sheppard-Yonge Stn	Formerly 84E Sheppard West Express
984_1_984	984 Sheppard West Express	Sheppard-Yonge Stn	Sheppard West Stn	984 Sheppard West Stn	Formerly 84E Sheppard West Express
984_0_984A	984 Sheppard West Express	Weston Road	Sheppard-Yonge Stn	984 Sheppard-Yonge Stn	via Sheppard West Stn
984_1_984A	984 Sheppard West Express	Sheppard-Yonge Stn	Weston Road	984A Weston Road	via Sheppard West Stn
984_1_RIWE	984 Sheppard West Express	Rivalda Rd/Sheppard	Bradstock/Weston Road	984A Weston Rd	N/A
985_0_985A	985 Sheppard East Express	Don Mills Stn	Scarborough Centre 	985A Scarborough Centre 	Formerly 190 Scarborough Centre Rocket
985_1_985A	985 Sheppard East Express	Scarborough Centre 	Don Mills Stn	985 Don Mills Stn	Formerly 190 Scarborough Centre Rocket
985_0_985B	985 Sheppard East Express	Don Mills Stn	Meadowvale Loop	985B Meadowvale	N/A
985_1_985B	985 Sheppard East Express	Meadowvale Loop	Don Mills Stn	985 Don Mills Stn	N/A
986_0_986	986 Scarborough Express	Kennedy Stn	Meadowvale/Sheppard	986 Sheppard	Formerly 86E Scarborough Express
986_1_986	986 Scarborough Express	Meadowvale/Sheppard	Kennedy Stn	986 Kennedy Stn	Formerly 86E Scarborough Express
989_0_989	989 Weston Express	Albion Road	Keele Stn	989 Keele Stn	N/A
989_1_989	989 Weston Express	Keele Stn	Albion Road	989 Albion 	N/A
993_0_993	993 Exhibition Express	CNE Dufferin Gates	Dundas West Stn	993 Dundas West Stn	Formerly 193 Exhibition Rocket/CNE Service Non Stop
993_1_993	993 Exhibition Express	Dundas West Stn	CNE Dufferin Gates	993 West Entrance	Formerly 193 Exhibition Rocket/CNE Service Non Stop
995_0_995	995 York Mills Express	York Mills Stn	U of T Scarborough	995 U of T Scarborough	Formerly 95E York Mills Express
995_1_995	995 York Mills Express	U of T Scarborough 	York Mills Stn	995 York Mills Stn	Formerly 95E York Mills Express
996_0_996	996 Wilson Express	Humber College Bus Terminal	York Mills Stn	996 York Mills Stn	via Wilson Stn/Formerly 186 Wilson Rocket
996_1_996	996 Wilson Express	York Mills Stn	Humber College Bus Terminal	996 Humber College	via Wilson Stn/Formerly 186 Wilson Rocket